2026/09/29 05:34:35.480, 13778, 0
2026/09/29 05:34:36.481, 13778, 0
2026/09/29 05:34:37.481, 13778, 0
2026/09/29 05:34:38.481, 13778, 0
2026/09/29 05:34:39.506, 13778, 0
2026/09/29 05:34:40.506, 13778, 0
2026/09/29 05:34:41.507, 13778, 0
2026/09/29 05:34:42.507, 13778, 0
2026/09/29 05:34:43.507, 13778, 0
2026/09/29 05:34:44.507, 13778, 0
2026/09/29 05:34:45.507, 13778, 0
2026/09/29 05:34:46.507, 13778, 0
2026/09/29 05:34:47.508, 13778, 0
2026/09/29 05:34:48.508, 13778, 0
2026/09/29 05:34:49.508, 13778, 0
2026/09/29 05:34:50.508, 14363, 1
2026/09/29 05:34:51.509, 14560, 0
2026/09/29 05:34:52.509, 14560, 0
2026/09/29 05:34:53.509, 14592, 0
2026/09/29 05:34:54.509, 14592, 0
2026/09/29 05:34:55.509, 14592, 0
2026/09/29 05:34:56.510, 14592, 0
2026/09/29 05:34:57.510, 14592, 0
2026/09/29 05:34:58.510, 14592, 0
2026/09/29 05:34:59.510, 14594, 0
2026/09/29 05:35:00.511, 14696, 1
2026/09/29 05:35:01.511, 14666, 0
2026/09/29 05:35:02.511, 14704, 2
2026/09/29 05:35:03.511, 14704, 2
2026/09/29 05:35:04.511, 14736, 0
2026/09/29 05:35:05.512, 14804, 0
2026/09/29 05:35:06.512, 14804, 0
2026/09/29 05:35:07.512, 15026, 0
2026/09/29 05:35:08.512, 15026, 0
2026/09/29 05:35:09.512, 15026, 0
2026/09/29 05:35:10.512, 15026, 0
2026/09/29 05:35:11.513, 15026, 0
2026/09/29 05:35:12.513, 15026, 0
2026/09/29 05:35:13.513, 15026, 0
2026/09/29 05:35:14.513, 15026, 0
2026/09/29 05:35:15.513, 15026, 0
2026/09/29 05:35:16.514, 15026, 0
2026/09/29 05:35:17.514, 15026, 0
2026/09/29 05:35:18.514, 15058, 0
2026/09/29 05:35:19.514, 15058, 0
2026/09/29 05:35:20.514, 15058, 0
2026/09/29 05:35:21.514, 15058, 0
2026/09/29 05:35:22.515, 15058, 0
2026/09/29 05:35:23.515, 15058, 0
2026/09/29 05:35:24.515, 15058, 0
2026/09/29 05:35:25.515, 15058, 0
2026/09/29 05:35:26.515, 15058, 0
2026/09/29 05:35:27.516, 15058, 0
2026/09/29 05:35:28.516, 15058, 0
2026/09/29 05:35:29.516, 15058, 0
2026/09/29 05:35:30.516, 15058, 0
2026/09/29 05:35:31.516, 15058, 0
2026/09/29 05:35:32.516, 15058, 0
2026/09/29 05:35:33.517, 15058, 0
2026/09/29 05:35:34.517, 15122, 0
2026/09/29 05:35:35.517, 15122, 0
2026/09/29 05:35:36.517, 15122, 0
2026/09/29 05:35:37.517, 15122, 0
2026/09/29 05:35:38.517, 15122, 0
2026/09/29 05:35:39.518, 15122, 0
2026/09/29 05:35:40.518, 15122, 0
2026/09/29 05:35:41.518, 15122, 0
2026/09/29 05:35:42.518, 15122, 0
2026/09/29 05:35:43.518, 15122, 0
2026/09/29 05:35:44.519, 15122, 0
2026/09/29 05:35:45.519, 15122, 0
2026/09/29 05:35:46.519, 15122, 0
2026/09/29 05:35:47.519, 15122, 0
2026/09/29 05:35:48.519, 15122, 0
2026/09/29 05:35:49.519, 15122, 0
2026/09/29 05:35:50.519, 15122, 0
2026/09/29 05:35:51.520, 15122, 0
2026/09/29 05:35:52.520, 15122, 0
2026/09/29 05:35:53.520, 15122, 0
2026/09/29 05:35:54.520, 15122, 0
2026/09/29 05:35:55.521, 15122, 0
2026/09/29 05:35:56.521, 15122, 0
2026/09/29 05:35:57.521, 15122, 0
2026/09/29 05:35:58.521, 15122, 0
2026/09/29 05:35:59.522, 15122, 0
2026/09/29 05:36:00.522, 15122, 0
2026/09/29 05:36:01.522, 15122, 0
2026/09/29 05:36:02.522, 15122, 0
2026/09/29 05:36:03.523, 15122, 0
2026/09/29 05:36:04.523, 15122, 0
2026/09/29 05:36:05.523, 15122, 0
2026/09/29 05:36:06.523, 15122, 0
2026/09/29 05:36:07.523, 15122, 0
2026/09/29 05:36:08.524, 15122, 0
2026/09/29 05:36:09.524, 15122, 0
2026/09/29 05:36:10.524, 15122, 0
2026/09/29 05:36:11.524, 15122, 0
2026/09/29 05:36:12.525, 15122, 0
2026/09/29 05:36:13.525, 15122, 0
2026/09/29 05:36:14.525, 15122, 0
2026/09/29 05:36:15.525, 15122, 0
2026/09/29 05:36:16.526, 15122, 0
2026/09/29 05:36:17.526, 15122, 0
2026/09/29 05:36:18.526, 15122, 0
2026/09/29 05:36:19.526, 15122, 0
2026/09/29 05:36:20.527, 15122, 0
2026/09/29 05:36:21.527, 15122, 0
2026/09/29 05:36:22.527, 15122, 0
2026/09/29 05:36:23.527, 15122, 0
2026/09/29 05:36:24.528, 15122, 0
2026/09/29 05:36:25.528, 15122, 0
2026/09/29 05:36:26.528, 15122, 0
2026/09/29 05:36:27.528, 15122, 0
2026/09/29 05:36:28.528, 15122, 0
2026/09/29 05:36:29.529, 15122, 0
2026/09/29 05:36:30.529, 15122, 0
2026/09/29 05:36:31.529, 15122, 0
2026/09/29 05:36:32.529, 15122, 0
2026/09/29 05:36:33.530, 15122, 0
2026/09/29 05:36:34.530, 15122, 0
2026/09/29 05:36:35.530, 15122, 0
2026/09/29 05:36:36.530, 15122, 0
2026/09/29 05:36:37.531, 15122, 0
2026/09/29 05:36:38.531, 15122, 0
2026/09/29 05:36:39.531, 15122, 0
2026/09/29 05:36:40.531, 15122, 0
2026/09/29 05:36:41.532, 15122, 0
2026/09/29 05:36:42.532, 15122, 0
2026/09/29 05:36:43.532, 15122, 0
2026/09/29 05:36:44.532, 15122, 0
2026/09/29 05:36:45.533, 15122, 0
2026/09/29 05:36:46.533, 15122, 0
2026/09/29 05:36:47.533, 15122, 0
2026/09/29 05:36:48.533, 15122, 0
2026/09/29 05:36:49.534, 15122, 0
2026/09/29 05:36:50.534, 15122, 0
2026/09/29 05:36:51.534, 15122, 0
2026/09/29 05:36:52.534, 15122, 0
2026/09/29 05:36:53.535, 15122, 0
2026/09/29 05:36:54.535, 15122, 0
2026/09/29 05:36:55.535, 15122, 0
2026/09/29 05:36:56.535, 15122, 0
2026/09/29 05:36:57.535, 15122, 0
2026/09/29 05:36:58.536, 15122, 0
2026/09/29 05:36:59.536, 15122, 0
2026/09/29 05:37:00.536, 15122, 0
2026/09/29 05:37:01.536, 15122, 0
2026/09/29 05:37:02.536, 15122, 0
2026/09/29 05:37:03.537, 15122, 0
2026/09/29 05:37:04.537, 15122, 0
2026/09/29 05:37:05.537, 15122, 0
2026/09/29 05:37:06.537, 15122, 0
2026/09/29 05:37:07.538, 15122, 0
2026/09/29 05:37:08.538, 15122, 0
2026/09/29 05:37:09.538, 15122, 0
2026/09/29 05:37:10.538, 15122, 0
2026/09/29 05:37:11.538, 15122, 0
2026/09/29 05:37:12.539, 15122, 0
2026/09/29 05:37:13.539, 15158, 0
2026/09/29 05:37:14.539, 17458, 5
2026/09/29 05:37:15.539, 17458, 0
2026/09/29 05:37:16.539, 17458, 0
2026/09/29 05:37:17.540, 17458, 0
2026/09/29 05:37:18.540, 17458, 0
2026/09/29 05:37:19.540, 17458, 0
2026/09/29 05:37:20.540, 17458, 0
2026/09/29 05:37:21.541, 17458, 0
2026/09/29 05:37:22.541, 17458, 0
2026/09/29 05:37:23.541, 17458, 0
2026/09/29 05:37:24.541, 17458, 0
2026/09/29 05:37:25.542, 17458, 0
2026/09/29 05:37:26.542, 17458, 0
2026/09/29 05:37:27.542, 17458, 0
2026/09/29 05:37:28.542, 17458, 0
2026/09/29 05:37:29.543, 17458, 0
2026/09/29 05:37:30.543, 17458, 0
2026/09/29 05:37:31.543, 17458, 0
2026/09/29 05:37:32.543, 17458, 0
2026/09/29 05:37:33.544, 17458, 0
2026/09/29 05:37:34.544, 17458, 0
2026/09/29 05:37:35.544, 17458, 0
2026/09/29 05:37:36.544, 17458, 0
2026/09/29 05:37:37.544, 17458, 0
2026/09/29 05:37:38.545, 17458, 0
2026/09/29 05:37:39.545, 17458, 0
2026/09/29 05:37:40.545, 17458, 0
2026/09/29 05:37:41.545, 17458, 0
2026/09/29 05:37:42.546, 17458, 0
2026/09/29 05:37:43.546, 17458, 0
2026/09/29 05:37:44.546, 17458, 0
2026/09/29 05:37:45.546, 17458, 0
2026/09/29 05:37:46.546, 17458, 0
2026/09/29 05:37:47.547, 17458, 0
2026/09/29 05:37:48.547, 17458, 0
2026/09/29 05:37:49.547, 17458, 0
2026/09/29 05:37:50.547, 17458, 0
2026/09/29 05:37:51.547, 17458, 0
2026/09/29 05:37:52.548, 17458, 0
2026/09/29 05:37:53.548, 17458, 0
2026/09/29 05:37:54.548, 17458, 0
2026/09/29 05:37:55.548, 17458, 0
2026/09/29 05:37:56.548, 17458, 0
2026/09/29 05:37:57.549, 17458, 0
2026/09/29 05:37:58.549, 17458, 0
2026/09/29 05:37:59.549, 17458, 0
2026/09/29 05:38:00.549, 17458, 0
2026/09/29 05:38:01.550, 17458, 0
2026/09/29 05:38:02.550, 17458, 0
2026/09/29 05:38:03.550, 17458, 0
2026/09/29 05:38:04.550, 17458, 0
2026/09/29 05:38:05.551, 17458, 0
2026/09/29 05:38:06.551, 17458, 0
2026/09/29 05:38:07.551, 17458, 0
2026/09/29 05:38:08.551, 17458, 0
2026/09/29 05:38:09.551, 17458, 0
2026/09/29 05:38:10.552, 17458, 0
2026/09/29 05:38:11.552, 17458, 0
2026/09/29 05:38:12.552, 17458, 0
2026/09/29 05:38:13.552, 17458, 0
2026/09/29 05:38:14.553, 17458, 0
2026/09/29 05:38:15.553, 17458, 0
2026/09/29 05:38:16.553, 17458, 0
2026/09/29 05:38:17.553, 17458, 0
2026/09/29 05:38:18.553, 17458, 0
2026/09/29 05:38:19.554, 17458, 0
2026/09/29 05:38:20.554, 17458, 0
2026/09/29 05:38:21.554, 17458, 0
2026/09/29 05:38:22.554, 17458, 0
2026/09/29 05:38:23.555, 17458, 0
2026/09/29 05:38:24.555, 17458, 0
2026/09/29 05:38:25.555, 18064, 0
2026/09/29 05:38:26.555, 18064, 0
2026/09/29 05:38:27.556, 18064, 0
2026/09/29 05:38:28.556, 18064, 0
2026/09/29 05:38:29.556, 18064, 0
2026/09/29 05:38:30.556, 18064, 0
2026/09/29 05:38:31.556, 18064, 0
2026/09/29 05:38:32.557, 18064, 0
2026/09/29 05:38:33.557, 18064, 0
2026/09/29 05:38:34.557, 18064, 0
2026/09/29 05:38:35.557, 18064, 0
2026/09/29 05:38:36.557, 18064, 0
2026/09/29 05:38:37.558, 18064, 0
2026/09/29 05:38:38.558, 18064, 0
2026/09/29 05:38:39.558, 18064, 0
2026/09/29 05:38:40.558, 18064, 0
2026/09/29 05:38:41.559, 18064, 0
2026/09/29 05:38:42.559, 18064, 0
2026/09/29 05:38:43.559, 18853, 0
2026/09/29 05:38:44.559, 18853, 0
2026/09/29 05:38:45.559, 18853, 0
2026/09/29 05:38:46.560, 18853, 0
2026/09/29 05:38:47.560, 18853, 0
2026/09/29 05:38:48.560, 18971, 0
2026/09/29 05:38:49.560, 18971, 0
2026/09/29 05:38:50.560, 18869, 0
2026/09/29 05:38:51.561, 18869, 0
2026/09/29 05:38:52.561, 18869, 0
2026/09/29 05:38:53.561, 18869, 0
2026/09/29 05:38:54.561, 18933, 0
2026/09/29 05:38:55.561, 18933, 0
2026/09/29 05:38:56.561, 18933, 0
2026/09/29 05:38:57.562, 18577, 28
2026/09/29 05:38:58.562, 18577, 0
2026/09/29 05:38:59.562, 18577, 0
2026/09/29 05:39:00.562, 18577, 0
2026/09/29 05:39:01.562, 18577, 0
2026/09/29 05:39:02.563, 18577, 0
2026/09/29 05:39:03.563, 18577, 0
2026/09/29 05:39:04.563, 18577, 0
2026/09/29 05:39:05.563, 18577, 0
2026/09/29 05:39:06.563, 18679, 0
2026/09/29 05:39:07.564, 18774, 41
2026/09/29 05:39:08.564, 18787, 0
2026/09/29 05:39:09.564, 18787, 0
2026/09/29 05:39:10.564, 18787, 0
2026/09/29 05:39:11.565, 18787, 0
2026/09/29 05:39:12.565, 18787, 22
2026/09/29 05:39:13.565, 18787, 0
2026/09/29 05:39:14.565, 18787, 0
2026/09/29 05:39:15.565, 18787, 0
2026/09/29 05:39:16.566, 18774, 53
2026/09/29 05:39:17.566, 18671, 58
2026/09/29 05:39:18.566, 18599, 48
2026/09/29 05:39:19.566, 18599, 44
2026/09/29 05:39:20.567, 18599, 57
2026/09/29 05:39:21.567, 18599, 53
2026/09/29 05:39:22.567, 18599, 59
2026/09/29 05:39:23.567, 18599, 45
2026/09/29 05:39:24.567, 18599, 48
2026/09/29 05:39:25.568, 18599, 53
2026/09/29 05:39:26.568, 18599, 59
2026/09/29 05:39:27.568, 18599, 34
2026/09/29 05:39:28.568, 18599, 29
2026/09/29 05:39:29.569, 18599, 57
2026/09/29 05:39:30.569, 18599, 53
2026/09/29 05:39:31.569, 18599, 61
2026/09/29 05:39:32.569, 18599, 36
2026/09/29 05:39:33.569, 18599, 52
2026/09/29 05:39:34.570, 18599, 56
2026/09/29 05:39:35.570, 18599, 33
2026/09/29 05:39:36.570, 18599, 39
2026/09/29 05:39:37.570, 18599, 58
2026/09/29 05:39:38.570, 18599, 54
2026/09/29 05:39:39.571, 18599, 58
2026/09/29 05:39:40.571, 18599, 42
2026/09/29 05:39:41.571, 18599, 33
2026/09/29 05:39:42.571, 18599, 56
2026/09/29 05:39:43.571, 18599, 57
2026/09/29 05:39:44.572, 18599, 58
2026/09/29 05:39:45.572, 18599, 63
2026/09/29 05:39:46.572, 18599, 61
2026/09/29 05:39:47.572, 18599, 58
2026/09/29 05:39:48.573, 18599, 54
2026/09/29 05:39:49.573, 18599, 51
2026/09/29 05:39:50.573, 18599, 51
2026/09/29 05:39:51.573, 18599, 41
2026/09/29 05:39:52.573, 18599, 49
2026/09/29 05:39:53.574, 18599, 29
2026/09/29 05:39:54.574, 18599, 54
2026/09/29 05:39:55.574, 18599, 54
2026/09/29 05:39:56.574, 18599, 55
2026/09/29 05:39:57.574, 18599, 51
2026/09/29 05:39:58.575, 18599, 48
2026/09/29 05:39:59.575, 18599, 32
2026/09/29 05:40:00.575, 18599, 57
2026/09/29 05:40:01.575, 18599, 58
2026/09/29 05:40:02.576, 18599, 55
2026/09/29 05:40:03.576, 18599, 57
2026/09/29 05:40:04.576, 18599, 54
2026/09/29 05:40:05.576, 18599, 63
2026/09/29 05:40:06.576, 18599, 43
2026/09/29 05:40:07.577, 18599, 52
2026/09/29 05:40:08.577, 18599, 56
2026/09/29 05:40:09.577, 18599, 57
2026/09/29 05:40:10.577, 18599, 56
2026/09/29 05:40:11.578, 18599, 71
2026/09/29 05:40:12.578, 18599, 61
2026/09/29 05:40:13.578, 18599, 41
2026/09/29 05:40:14.578, 18599, 50
2026/09/29 05:40:15.578, 18599, 57
2026/09/29 05:40:16.578, 18599, 56
2026/09/29 05:40:17.579, 18599, 56
2026/09/29 05:40:18.579, 18599, 55
2026/09/29 05:40:19.579, 18599, 59
2026/09/29 05:40:20.579, 18599, 40
2026/09/29 05:40:21.579, 18599, 50
2026/09/29 05:40:22.580, 18599, 51
2026/09/29 05:40:23.580, 18599, 56
2026/09/29 05:40:24.580, 18599, 55
2026/09/29 05:40:25.580, 18599, 61
2026/09/29 05:40:26.580, 18599, 66
2026/09/29 05:40:27.581, 18599, 53
2026/09/29 05:40:28.581, 18599, 51
2026/09/29 05:40:29.581, 18599, 50
2026/09/29 05:40:30.581, 18599, 52
2026/09/29 05:40:31.582, 18599, 40
2026/09/29 05:40:32.582, 18599, 60
2026/09/29 05:40:33.582, 18599, 34
2026/09/29 05:40:34.582, 18599, 50
2026/09/29 05:40:35.582, 18599, 52
2026/09/29 05:40:36.582, 18599, 55
2026/09/29 05:40:37.583, 18599, 56
2026/09/29 05:40:38.583, 18599, 68
2026/09/29 05:40:39.583, 18599, 50
2026/09/29 05:40:40.583, 18599, 57
2026/09/29 05:40:41.584, 18599, 51
2026/09/29 05:40:42.584, 18599, 55
2026/09/29 05:40:43.584, 18599, 54
2026/09/29 05:40:44.584, 18599, 63
2026/09/29 05:40:45.585, 18599, 56
2026/09/29 05:40:46.585, 18599, 50
2026/09/29 05:40:47.585, 18599, 49
2026/09/29 05:40:48.585, 18599, 55
2026/09/29 05:40:49.586, 18599, 56
2026/09/29 05:40:50.586, 18599, 55
2026/09/29 05:40:51.586, 18599, 53
2026/09/29 05:40:52.586, 18599, 37
2026/09/29 05:40:53.586, 18599, 49
2026/09/29 05:40:54.587, 18599, 50
2026/09/29 05:40:55.587, 18599, 55
2026/09/29 05:40:56.587, 18599, 37
2026/09/29 05:40:57.587, 18599, 47
2026/09/29 05:40:58.588, 18599, 55
2026/09/29 05:40:59.588, 18599, 50
2026/09/29 05:41:00.588, 18599, 49
2026/09/29 05:41:01.588, 18599, 35
2026/09/29 05:41:02.590, 18599, 51
2026/09/29 05:41:03.590, 18599, 54
2026/09/29 05:41:04.590, 18599, 55
2026/09/29 05:41:05.590, 18599, 40
2026/09/29 05:41:06.590, 18599, 29
2026/09/29 05:41:07.591, 18599, 51
2026/09/29 05:41:08.591, 18599, 54
2026/09/29 05:41:09.591, 18599, 55
2026/09/29 05:41:10.591, 18599, 29
2026/09/29 05:41:11.592, 18599, 55
2026/09/29 05:41:12.592, 18599, 51
2026/09/29 05:41:13.592, 18599, 57
2026/09/29 05:41:14.592, 18599, 31
2026/09/29 05:41:15.592, 18599, 49
2026/09/29 05:41:16.593, 18599, 49
2026/09/29 05:41:17.593, 18599, 56
2026/09/29 05:41:18.593, 18599, 31
2026/09/29 05:41:19.593, 18599, 52
2026/09/29 05:41:20.593, 18599, 53
2026/09/29 05:41:21.594, 18599, 0
2026/09/29 05:41:22.594, 13779, 0
2026/09/29 05:41:23.594, 13779, 0
2026/09/29 05:41:24.595, 13779, 0
2026/09/29 05:41:25.595, 13779, 0
2026/09/29 05:41:26.595, 13779, 0
2026/09/29 05:41:27.595, 13779, 0
2026/09/29 05:41:28.595, 13779, 0
2026/09/29 05:41:29.596, 13779, 0
2026/09/29 05:41:30.596, 13779, 0
2026/09/29 05:41:31.596, 13779, 0
2026/09/29 05:41:32.596, 13779, 0
2026/09/29 05:41:33.597, 13779, 0
2026/09/29 05:41:34.597, 13779, 0
2026/09/29 05:41:35.597, 13779, 0
2026/09/29 05:41:36.597, 13779, 0
2026/09/29 05:41:37.598, 13779, 0
2026/09/29 05:41:38.598, 13779, 0
2026/09/29 05:41:39.598, 13779, 0
2026/09/29 05:41:40.598, 13779, 0
2026/09/29 05:41:41.598, 13779, 0
2026/09/29 05:41:42.599, 13779, 0
2026/09/29 05:41:43.599, 13779, 0
2026/09/29 05:41:44.599, 13779, 0
2026/09/29 05:41:45.599, 13779, 0
2026/09/29 05:41:46.600, 13779, 0
2026/09/29 05:41:47.600, 13779, 0
2026/09/29 05:41:48.600, 13779, 0
2026/09/29 05:41:49.600, 13779, 0
2026/09/29 05:41:50.601, 13779, 0
2026/09/29 05:41:51.601, 13779, 0
2026/09/29 05:41:52.601, 13779, 0
2026/09/29 05:41:53.601, 13779, 0
2026/09/29 05:41:54.602, 13779, 0
2026/09/29 05:41:55.602, 13779, 0
2026/09/29 05:41:56.602, 13779, 0
2026/09/29 05:41:57.602, 13779, 0
2026/09/29 05:41:58.603, 13779, 0
2026/09/29 05:41:59.603, 13779, 0
2026/09/29 05:42:00.603, 13779, 0
2026/09/29 05:42:01.603, 13779, 0
2026/09/29 05:42:02.604, 13779, 0
2026/09/29 05:42:03.604, 13779, 0
2026/09/29 05:42:04.604, 13779, 0
2026/09/29 05:42:05.604, 13779, 0
2026/09/29 05:42:06.605, 13779, 0
2026/09/29 05:42:07.605, 13779, 0
2026/09/29 05:42:08.605, 13779, 0
2026/09/29 05:42:09.605, 13779, 0
2026/09/29 05:42:10.605, 13779, 0
2026/09/29 05:42:11.606, 13779, 0
2026/09/29 05:42:12.606, 13779, 0
2026/09/29 05:42:13.606, 13779, 0
2026/09/29 05:42:14.606, 13779, 0
2026/09/29 05:42:15.607, 13779, 0
2026/09/29 05:42:16.607, 13779, 0
2026/09/29 05:42:17.607, 13779, 0
2026/09/29 05:42:18.608, 13779, 0
2026/09/29 05:42:19.608, 13779, 0
2026/09/29 05:42:20.608, 13779, 0
2026/09/29 05:42:21.608, 13779, 0
2026/09/29 05:42:22.609, 13779, 0
2026/09/29 05:42:23.609, 13779, 0
2026/09/29 05:42:24.609, 13779, 0
2026/09/29 05:42:25.609, 13779, 0
2026/09/29 05:42:26.610, 13779, 0
2026/09/29 05:42:27.610, 13779, 0
2026/09/29 05:42:28.610, 13779, 0
2026/09/29 05:42:29.610, 13779, 0
2026/09/29 05:42:30.611, 13779, 0
2026/09/29 05:42:31.611, 13779, 0
2026/09/29 05:42:32.611, 13779, 0
2026/09/29 05:42:33.611, 13779, 0
2026/09/29 05:42:34.612, 13779, 0
2026/09/29 05:42:35.612, 13779, 0
2026/09/29 05:42:36.612, 13779, 0
2026/09/29 05:42:37.612, 13779, 0
2026/09/29 05:42:38.612, 13779, 0
2026/09/29 05:42:39.613, 13779, 0
2026/09/29 05:42:40.613, 13779, 0
2026/09/29 05:42:41.613, 13779, 0
2026/09/29 05:42:42.613, 13779, 0
2026/09/29 05:42:43.613, 13779, 0
2026/09/29 05:42:44.614, 13779, 0
2026/09/29 05:42:45.614, 13779, 0
2026/09/29 05:42:46.614, 13779, 0
2026/09/29 05:42:47.614, 13779, 0
2026/09/29 05:42:48.615, 13779, 0
2026/09/29 05:42:49.615, 13779, 0
2026/09/29 05:42:50.615, 13779, 0
2026/09/29 05:42:51.615, 13779, 0
2026/09/29 05:42:52.616, 13779, 0
2026/09/29 05:42:53.616, 13779, 0
2026/09/29 05:42:54.616, 13779, 0
2026/09/29 05:42:55.616, 13779, 0
2026/09/29 05:42:56.617, 13779, 0
2026/09/29 05:42:57.617, 13779, 0
2026/09/29 05:42:58.617, 13779, 0
2026/09/29 05:42:59.618, 13779, 0
2026/09/29 05:43:00.618, 13779, 0
2026/09/29 05:43:01.618, 13779, 0
2026/09/29 05:43:02.618, 13779, 0
2026/09/29 05:43:03.618, 13779, 0
2026/09/29 05:43:04.619, 13779, 0
2026/09/29 05:43:05.619, 13779, 0
2026/09/29 05:43:06.619, 13779, 0
2026/09/29 05:43:07.619, 13779, 0
2026/09/29 05:43:08.620, 13779, 0
2026/09/29 05:43:09.620, 13779, 0
2026/09/29 05:43:10.620, 13779, 0
2026/09/29 05:43:11.620, 13779, 0
2026/09/29 05:43:12.621, 13779, 0
2026/09/29 05:43:13.621, 13779, 0
2026/09/29 05:43:14.621, 13779, 0
2026/09/29 05:43:15.621, 13779, 0
2026/09/29 05:43:16.621, 13779, 0
2026/09/29 05:43:17.622, 13779, 0
2026/09/29 05:43:18.622, 13779, 0
2026/09/29 05:43:19.622, 13779, 0
2026/09/29 05:43:20.622, 13779, 0
2026/09/29 05:43:21.623, 13779, 0
2026/09/29 05:43:22.623, 13779, 0
2026/09/29 05:43:23.623, 13779, 0
2026/09/29 05:43:24.623, 13779, 0
2026/09/29 05:43:25.624, 13779, 0
2026/09/29 05:43:26.624, 13779, 0
2026/09/29 05:43:27.624, 13779, 0
2026/09/29 05:43:28.624, 13779, 0
2026/09/29 05:43:29.624, 13779, 0
2026/09/29 05:43:30.625, 13779, 0
2026/09/29 05:43:31.625, 13779, 0
2026/09/29 05:43:32.625, 13779, 0
2026/09/29 05:43:33.625, 13779, 0
2026/09/29 05:43:34.625, 13779, 0
2026/09/29 05:43:35.626, 13779, 0
2026/09/29 05:43:36.626, 13779, 0
2026/09/29 05:43:37.626, 13779, 0
2026/09/29 05:43:38.626, 13779, 0
2026/09/29 05:43:39.627, 13779, 0
2026/09/29 05:43:40.627, 13779, 0
2026/09/29 05:43:41.627, 13779, 0
2026/09/29 05:43:42.627, 13779, 0
2026/09/29 05:43:43.628, 13779, 0
2026/09/29 05:43:44.628, 13779, 0
2026/09/29 05:43:45.628, 13779, 0
2026/09/29 05:43:46.628, 13779, 0
2026/09/29 05:43:47.629, 13779, 0
2026/09/29 05:43:48.629, 13779, 0
2026/09/29 05:43:49.629, 13779, 0
2026/09/29 05:43:50.629, 13779, 0
2026/09/29 05:43:51.630, 13779, 0
2026/09/29 05:43:52.630, 13779, 0
2026/09/29 05:43:53.630, 13779, 0
2026/09/29 05:43:54.630, 13779, 0
2026/09/29 05:43:55.630, 13779, 0
2026/09/29 05:43:56.631, 13779, 0
2026/09/29 05:43:57.631, 13779, 0
2026/09/29 05:43:58.631, 13779, 0
2026/09/29 05:43:59.631, 13779, 0
2026/09/29 05:44:00.632, 13779, 0
2026/09/29 05:44:01.632, 13779, 0
2026/09/29 05:44:02.632, 13779, 0
2026/09/29 05:44:03.632, 13779, 0
2026/09/29 05:44:04.632, 13779, 0
2026/09/29 05:44:05.633, 13779, 0
2026/09/29 05:44:06.633, 13779, 0
2026/09/29 05:44:07.633, 13779, 0
2026/09/29 05:44:08.633, 13779, 0
2026/09/29 05:44:09.634, 13779, 0
2026/09/29 05:44:10.634, 13779, 0
2026/09/29 05:44:11.634, 13779, 0
2026/09/29 05:44:12.634, 13779, 0
2026/09/29 05:44:13.635, 13779, 0
2026/09/29 05:44:14.635, 13779, 0
2026/09/29 05:44:15.635, 13779, 0
2026/09/29 05:44:16.635, 13779, 0
2026/09/29 05:44:17.636, 13779, 0
2026/09/29 05:44:18.636, 13779, 0
2026/09/29 05:44:19.636, 13779, 0
2026/09/29 05:44:20.636, 13779, 0
2026/09/29 05:44:21.636, 13779, 0
2026/09/29 05:44:22.637, 13779, 0
2026/09/29 05:44:23.637, 13779, 0
2026/09/29 05:44:24.637, 13779, 0
2026/09/29 05:44:25.637, 13779, 0
2026/09/29 05:44:26.637, 13779, 0
2026/09/29 05:44:27.638, 13779, 0
2026/09/29 05:44:28.638, 13779, 0
2026/09/29 05:44:29.638, 13779, 0
2026/09/29 05:44:30.638, 13779, 0
2026/09/29 05:44:31.639, 13779, 0
2026/09/29 05:44:32.639, 13779, 0
2026/09/29 05:44:33.639, 13779, 0
2026/09/29 05:44:34.639, 13779, 0
2026/09/29 05:44:35.639, 13779, 0
2026/09/29 05:44:36.640, 13779, 0
2026/09/29 05:44:37.640, 13779, 0
2026/09/29 05:44:38.640, 13779, 0
2026/09/29 05:44:39.640, 13779, 0
2026/09/29 05:44:40.640, 13779, 0
2026/09/29 05:44:41.640, 13779, 0
2026/09/29 05:44:42.641, 13779, 0
2026/09/29 05:44:43.641, 13779, 0
2026/09/29 05:44:44.641, 13779, 0
2026/09/29 05:44:45.641, 13779, 0
2026/09/29 05:44:46.641, 13779, 0
2026/09/29 05:44:47.641, 13779, 0
2026/09/29 05:44:48.642, 13779, 0
2026/09/29 05:44:49.642, 13779, 0
2026/09/29 05:44:50.642, 13779, 0
2026/09/29 05:44:51.642, 13779, 0
2026/09/29 05:44:52.643, 13779, 0
2026/09/29 05:44:53.643, 13779, 0
2026/09/29 05:44:54.643, 13779, 0
2026/09/29 05:44:55.643, 13779, 0
2026/09/29 05:44:56.644, 13779, 0
2026/09/29 05:44:57.644, 13779, 0
2026/09/29 05:44:58.644, 13779, 0
2026/09/29 05:44:59.644, 13779, 0
2026/09/29 05:45:00.644, 13779, 0
2026/09/29 05:45:01.645, 13779, 0
2026/09/29 05:45:02.645, 13779, 0
2026/09/29 05:45:03.645, 13779, 0
2026/09/29 05:45:04.645, 13779, 0
2026/09/29 05:45:05.645, 13779, 0
2026/09/29 05:45:06.646, 13779, 0
2026/09/29 05:45:07.646, 13779, 0
2026/09/29 05:45:08.646, 13779, 0
2026/09/29 05:45:09.646, 13779, 0
2026/09/29 05:45:10.646, 13779, 0
2026/09/29 05:45:11.647, 13779, 0
2026/09/29 05:45:12.647, 13779, 0
2026/09/29 05:45:13.647, 13779, 0
2026/09/29 05:45:14.647, 13779, 0
2026/09/29 05:45:15.647, 13779, 0
2026/09/29 05:45:16.648, 13779, 0
2026/09/29 05:45:17.648, 13779, 0
2026/09/29 05:45:18.648, 13779, 0
2026/09/29 05:45:19.648, 13779, 0
2026/09/29 05:45:20.648, 13779, 0
2026/09/29 05:45:21.649, 13779, 0
2026/09/29 05:45:22.649, 13779, 0
2026/09/29 05:45:23.649, 13779, 0
2026/09/29 05:45:24.649, 13779, 0
2026/09/29 05:45:25.649, 13779, 0
2026/09/29 05:45:26.650, 13779, 0
2026/09/29 05:45:27.650, 13779, 0
2026/09/29 05:45:28.650, 13779, 0
2026/09/29 05:45:29.650, 13779, 0
2026/09/29 05:45:30.650, 13779, 0
2026/09/29 05:45:31.650, 13779, 0
2026/09/29 05:45:32.651, 13779, 0
2026/09/29 05:45:33.651, 13779, 0
2026/09/29 05:45:34.651, 13779, 0
2026/09/29 05:45:35.651, 13779, 0
2026/09/29 05:45:36.652, 13779, 0
2026/09/29 05:45:37.652, 13779, 0
2026/09/29 05:45:38.652, 13779, 0
2026/09/29 05:45:39.652, 13779, 0
2026/09/29 05:45:40.653, 13779, 0
2026/09/29 05:45:41.653, 13779, 0
2026/09/29 05:45:42.653, 13779, 0
2026/09/29 05:45:43.653, 13779, 0
2026/09/29 05:45:44.653, 13779, 0
2026/09/29 05:45:45.654, 13779, 0
2026/09/29 05:45:46.654, 13779, 0
2026/09/29 05:45:47.654, 13779, 0
2026/09/29 05:45:48.654, 13779, 0
2026/09/29 05:45:49.654, 13779, 0
2026/09/29 05:45:50.655, 13779, 0
2026/09/29 05:45:51.655, 13779, 0
2026/09/29 05:45:52.655, 13779, 0
2026/09/29 05:45:53.655, 13779, 0
2026/09/29 05:45:54.656, 13779, 0
2026/09/29 05:45:55.656, 13779, 0
2026/09/29 05:45:56.656, 13779, 0
2026/09/29 05:45:57.656, 13779, 0
2026/09/29 05:45:58.656, 13779, 0
2026/09/29 05:45:59.657, 13779, 0
2026/09/29 05:46:00.657, 13779, 0
2026/09/29 05:46:01.657, 13779, 0
2026/09/29 05:46:02.657, 13779, 0
2026/09/29 05:46:03.657, 13779, 0
2026/09/29 05:46:04.658, 13779, 0
2026/09/29 05:46:05.658, 13779, 0
2026/09/29 05:46:06.658, 13779, 0
2026/09/29 05:46:07.659, 13779, 0
2026/09/29 05:46:08.659, 13779, 0
2026/09/29 05:46:09.659, 13779, 0
2026/09/29 05:46:10.659, 13779, 0
2026/09/29 05:46:11.659, 13779, 0
2026/09/29 05:46:12.660, 13779, 0
2026/09/29 05:46:13.660, 13779, 0
2026/09/29 05:46:14.660, 13779, 0
2026/09/29 05:46:15.660, 13779, 0
2026/09/29 05:46:16.661, 13779, 0
2026/09/29 05:46:17.661, 13779, 0
2026/09/29 05:46:18.661, 13779, 0
2026/09/29 05:46:19.662, 13779, 0
2026/09/29 05:46:20.662, 13779, 0
2026/09/29 05:46:21.662, 13779, 0
2026/09/29 05:46:22.662, 13779, 0
2026/09/29 05:46:23.662, 13779, 0
2026/09/29 05:46:24.663, 13779, 0
2026/09/29 05:46:25.663, 13779, 0
2026/09/29 05:46:26.663, 13779, 0
2026/09/29 05:46:27.664, 13779, 0
2026/09/29 05:46:28.664, 13779, 0
2026/09/29 05:46:29.664, 13779, 0
2026/09/29 05:46:30.664, 13779, 0
2026/09/29 05:46:31.665, 13779, 0
2026/09/29 05:46:32.665, 13779, 0
2026/09/29 05:46:33.665, 13779, 0
2026/09/29 05:46:34.665, 13779, 0
2026/09/29 05:46:35.666, 13779, 0
2026/09/29 05:46:36.666, 13779, 0
2026/09/29 05:46:37.666, 13779, 0
2026/09/29 05:46:38.666, 13779, 0
2026/09/29 05:46:39.667, 13779, 0
2026/09/29 05:46:40.667, 13779, 0
2026/09/29 05:46:41.667, 13779, 0
2026/09/29 05:46:42.667, 13779, 0
2026/09/29 05:46:43.668, 13779, 0
2026/09/29 05:46:44.668, 13779, 0
2026/09/29 05:46:45.668, 13779, 0
2026/09/29 05:46:46.668, 13779, 0
2026/09/29 05:46:47.669, 13779, 0
2026/09/29 05:46:48.669, 13779, 0
2026/09/29 05:46:49.669, 13779, 0
2026/09/29 05:46:50.669, 13779, 0
2026/09/29 05:46:51.669, 13779, 0
2026/09/29 05:46:52.670, 13779, 0
2026/09/29 05:46:53.670, 13779, 0
2026/09/29 05:46:54.670, 13779, 0
2026/09/29 05:46:55.670, 13779, 0
2026/09/29 05:46:56.671, 13779, 0
2026/09/29 05:46:57.671, 13779, 0
2026/09/29 05:46:58.671, 13779, 0
2026/09/29 05:46:59.671, 13779, 0
2026/09/29 05:47:00.672, 13779, 0
2026/09/29 05:47:01.672, 13779, 0
2026/09/29 05:47:02.672, 13779, 0
2026/09/29 05:47:03.672, 13779, 0
2026/09/29 05:47:04.673, 13779, 0
2026/09/29 05:47:05.673, 13779, 0
2026/09/29 05:47:06.673, 13779, 0
2026/09/29 05:47:07.673, 13779, 0
2026/09/29 05:47:08.673, 13779, 0
2026/09/29 05:47:09.674, 13779, 0
2026/09/29 05:47:10.674, 13779, 0
2026/09/29 05:47:11.674, 13779, 0
2026/09/29 05:47:12.674, 13779, 0
2026/09/29 05:47:13.674, 13779, 0
2026/09/29 05:47:14.675, 13779, 0
2026/09/29 05:47:15.675, 13779, 0
2026/09/29 05:47:16.675, 13779, 0
2026/09/29 05:47:17.675, 13779, 0
2026/09/29 05:47:18.676, 13779, 0
2026/09/29 05:47:19.676, 13779, 0
2026/09/29 05:47:20.676, 13779, 0
2026/09/29 05:47:21.676, 13779, 0
2026/09/29 05:47:22.677, 13779, 0
2026/09/29 05:47:23.677, 13779, 0
2026/09/29 05:47:24.677, 13779, 0
2026/09/29 05:47:25.677, 13779, 0
2026/09/29 05:47:26.678, 13779, 0
2026/09/29 05:47:27.678, 13779, 0
2026/09/29 05:47:28.678, 13779, 0
2026/09/29 05:47:29.678, 13779, 0
2026/09/29 05:47:30.679, 13779, 0
2026/09/29 05:47:31.679, 13779, 0
2026/09/29 05:47:32.679, 13779, 0
2026/09/29 05:47:33.679, 13779, 0
2026/09/29 05:47:34.679, 13779, 0
2026/09/29 05:47:35.680, 13779, 0
2026/09/29 05:47:36.680, 13779, 0
2026/09/29 05:47:37.680, 13779, 0
2026/09/29 05:47:38.680, 13779, 0
2026/09/29 05:47:39.681, 13779, 0
2026/09/29 05:47:40.681, 13779, 0
2026/09/29 05:47:41.681, 13779, 0
2026/09/29 05:47:42.681, 13779, 0
2026/09/29 05:47:43.682, 13779, 0
2026/09/29 05:47:44.682, 13779, 0
2026/09/29 05:47:45.682, 13779, 0
2026/09/29 05:47:46.682, 13779, 0
2026/09/29 05:47:47.683, 13779, 0
2026/09/29 05:47:48.683, 13779, 0
2026/09/29 05:47:49.683, 13779, 0
2026/09/29 05:47:50.683, 13779, 0
2026/09/29 05:47:51.684, 13779, 0
2026/09/29 05:47:52.684, 13779, 0
2026/09/29 05:47:53.684, 13779, 0
2026/09/29 05:47:54.684, 13779, 0
2026/09/29 05:47:55.685, 13779, 0
2026/09/29 05:47:56.685, 13779, 0
2026/09/29 05:47:57.685, 13779, 0
2026/09/29 05:47:58.685, 13779, 0
2026/09/29 05:47:59.686, 13779, 0
2026/09/29 05:48:00.686, 13779, 0
2026/09/29 05:48:01.686, 13779, 0
2026/09/29 05:48:02.686, 13779, 0
2026/09/29 05:48:03.687, 13779, 0
2026/09/29 05:48:04.687, 13779, 0
2026/09/29 05:48:05.687, 13779, 0
2026/09/29 05:48:06.687, 13779, 0
2026/09/29 05:48:07.688, 13779, 0
2026/09/29 05:48:08.688, 13779, 0
2026/09/29 05:48:09.688, 13779, 0
2026/09/29 05:48:10.688, 13779, 0
2026/09/29 05:48:11.688, 13779, 0
2026/09/29 05:48:12.689, 13779, 0
2026/09/29 05:48:13.689, 13779, 0
2026/09/29 05:48:14.689, 13779, 0
2026/09/29 05:48:15.689, 13779, 0
2026/09/29 05:48:16.690, 13779, 0
2026/09/29 05:48:17.690, 13779, 0
2026/09/29 05:48:18.690, 13779, 0
2026/09/29 05:48:19.690, 13779, 0
2026/09/29 05:48:20.691, 13779, 0
2026/09/29 05:48:21.691, 13779, 0
2026/09/29 05:48:22.691, 13779, 0
2026/09/29 05:48:23.691, 13779, 0
2026/09/29 05:48:24.692, 13779, 0
2026/09/29 05:48:25.692, 13779, 0
2026/09/29 05:48:26.692, 13779, 0
2026/09/29 05:48:27.692, 13779, 0
2026/09/29 05:48:28.693, 13779, 0
2026/09/29 05:48:29.693, 13779, 0
2026/09/29 05:48:30.693, 13779, 0
2026/09/29 05:48:31.693, 13779, 0
2026/09/29 05:48:32.693, 13779, 0
2026/09/29 05:48:33.694, 13779, 0
2026/09/29 05:48:34.706, 13779, 0
2026/09/29 05:48:35.706, 13779, 0
2026/09/29 05:48:36.707, 13779, 0
2026/09/29 05:48:37.707, 13779, 0
2026/09/29 05:48:38.707, 13779, 0
2026/09/29 05:48:39.707, 13779, 0
2026/09/29 05:48:40.707, 13779, 0
2026/09/29 05:48:41.708, 13779, 0
2026/09/29 05:48:42.708, 13779, 0
2026/09/29 05:48:43.708, 13779, 0
2026/09/29 05:48:44.708, 13779, 0
2026/09/29 05:48:45.709, 13779, 0
2026/09/29 05:48:46.709, 13779, 0
2026/09/29 05:48:47.709, 13779, 0
2026/09/29 05:48:48.709, 13779, 0
2026/09/29 05:48:49.709, 13779, 0
2026/09/29 05:48:50.710, 13779, 0
2026/09/29 05:48:51.710, 13779, 0
2026/09/29 05:48:52.710, 13779, 0
2026/09/29 05:48:53.710, 13779, 0
2026/09/29 05:48:54.711, 13779, 0
2026/09/29 05:48:55.711, 13779, 0
2026/09/29 05:48:56.711, 13779, 0
2026/09/29 05:48:57.712, 13779, 0
2026/09/29 05:48:58.712, 13779, 0
2026/09/29 05:48:59.712, 13779, 0
2026/09/29 05:49:00.712, 13779, 0
2026/09/29 05:49:01.712, 13779, 0
2026/09/29 05:49:02.713, 13779, 0
2026/09/29 05:49:03.713, 13779, 0
2026/09/29 05:49:04.713, 13779, 0
2026/09/29 05:49:05.713, 13779, 0
2026/09/29 05:49:06.714, 13779, 0
2026/09/29 05:49:07.714, 13779, 0
2026/09/29 05:49:08.714, 13779, 0
2026/09/29 05:49:09.714, 13779, 0
2026/09/29 05:49:10.715, 13779, 0
2026/09/29 05:49:11.715, 13779, 0
2026/09/29 05:49:12.715, 13779, 0
2026/09/29 05:49:13.715, 13779, 0
2026/09/29 05:49:14.715, 13779, 0
2026/09/29 05:49:15.716, 13779, 0
2026/09/29 05:49:16.716, 13779, 0
2026/09/29 05:49:17.716, 13779, 0
2026/09/29 05:49:18.717, 13779, 0
2026/09/29 05:49:19.717, 13779, 0
2026/09/29 05:49:20.717, 13779, 0
2026/09/29 05:49:21.717, 13779, 0
2026/09/29 05:49:22.717, 13779, 0
2026/09/29 05:49:23.718, 13779, 0
2026/09/29 05:49:24.718, 13779, 0
2026/09/29 05:49:25.718, 13779, 0
2026/09/29 05:49:26.718, 13779, 0
2026/09/29 05:49:27.719, 13779, 0
2026/09/29 05:49:28.719, 13779, 0
2026/09/29 05:49:29.719, 13779, 0
2026/09/29 05:49:30.719, 13779, 0
2026/09/29 05:49:31.720, 13779, 0
2026/09/29 05:49:32.720, 13779, 0
2026/09/29 05:49:33.720, 13779, 0
2026/09/29 05:49:34.720, 13779, 0
2026/09/29 05:49:35.720, 13779, 0
2026/09/29 05:49:36.721, 13779, 0
2026/09/29 05:49:37.721, 13779, 0
2026/09/29 05:49:38.721, 13779, 0
2026/09/29 05:49:39.721, 13779, 0
2026/09/29 05:49:40.722, 13779, 0
2026/09/29 05:49:41.722, 13779, 0
2026/09/29 05:49:42.722, 13779, 0
2026/09/29 05:49:43.722, 13779, 0
2026/09/29 05:49:44.723, 13779, 0
2026/09/29 05:49:45.723, 13779, 0
2026/09/29 05:49:46.723, 13779, 0
2026/09/29 05:49:47.723, 13779, 0
2026/09/29 05:49:48.723, 13779, 0
2026/09/29 05:49:49.724, 13779, 0
2026/09/29 05:49:50.724, 13779, 0
2026/09/29 05:49:51.724, 13779, 0
2026/09/29 05:49:52.724, 13779, 0
2026/09/29 05:49:53.725, 13779, 0
2026/09/29 05:49:54.725, 13779, 0
2026/09/29 05:49:55.725, 13779, 0
2026/09/29 05:49:56.725, 13779, 0
2026/09/29 05:49:57.725, 13779, 0
2026/09/29 05:49:58.726, 13779, 0
2026/09/29 05:49:59.726, 13779, 0
2026/09/29 05:50:00.726, 13779, 0
2026/09/29 05:50:01.726, 13779, 0
2026/09/29 05:50:02.727, 13779, 0
2026/09/29 05:50:03.727, 13779, 0
2026/09/29 05:50:04.727, 13779, 0
2026/09/29 05:50:05.727, 13779, 0
2026/09/29 05:50:06.727, 13779, 0
2026/09/29 05:50:07.727, 13779, 0
2026/09/29 05:50:08.728, 13779, 0
2026/09/29 05:50:09.728, 13779, 0
2026/09/29 05:50:10.728, 14525, 2
2026/09/29 05:50:11.743, 14549, 0
2026/09/29 05:50:12.743, 14549, 0
2026/09/29 05:50:13.743, 14549, 0
2026/09/29 05:50:14.743, 14549, 0
2026/09/29 05:50:15.743, 14549, 0
2026/09/29 05:50:16.744, 14581, 0
2026/09/29 05:50:17.744, 14581, 0
2026/09/29 05:50:18.744, 14581, 0
2026/09/29 05:50:19.744, 14395, 1
2026/09/29 05:50:20.744, 14395, 0
2026/09/29 05:50:21.745, 14395, 0
2026/09/29 05:50:22.745, 14409, 2
2026/09/29 05:50:23.745, 14379, 0
2026/09/29 05:50:24.745, 14379, 0
2026/09/29 05:50:25.745, 14379, 0
2026/09/29 05:50:26.746, 14379, 0
2026/09/29 05:50:27.746, 14379, 0
2026/09/29 05:50:28.746, 14379, 0
2026/09/29 05:50:29.746, 14483, 0
2026/09/29 05:50:30.746, 14483, 0
2026/09/29 05:50:31.747, 14483, 0
2026/09/29 05:50:32.747, 14483, 0
2026/09/29 05:50:33.747, 14483, 0
2026/09/29 05:50:34.747, 14483, 0
2026/09/29 05:50:35.747, 14483, 0
2026/09/29 05:50:36.748, 14787, 0
2026/09/29 05:50:37.748, 14787, 0
2026/09/29 05:50:38.748, 14787, 0
2026/09/29 05:50:39.748, 14787, 0
2026/09/29 05:50:40.748, 14787, 0
2026/09/29 05:50:41.749, 14787, 0
2026/09/29 05:50:42.749, 14851, 0
2026/09/29 05:50:43.749, 14927, 0
2026/09/29 05:50:44.749, 14927, 0
2026/09/29 05:50:45.749, 14927, 0
2026/09/29 05:50:46.750, 14927, 0
2026/09/29 05:50:47.750, 14927, 0
2026/09/29 05:50:48.750, 14927, 0
2026/09/29 05:50:49.750, 14927, 0
2026/09/29 05:50:50.751, 14927, 0
2026/09/29 05:50:51.751, 14927, 0
2026/09/29 05:50:52.751, 14927, 0
2026/09/29 05:50:53.751, 14927, 0
2026/09/29 05:50:54.752, 14927, 0
2026/09/29 05:50:55.752, 14991, 0
2026/09/29 05:50:56.752, 14991, 0
2026/09/29 05:50:57.752, 14991, 0
2026/09/29 05:50:58.752, 14991, 0
2026/09/29 05:50:59.753, 15027, 0
2026/09/29 05:51:00.753, 15027, 0
2026/09/29 05:51:01.753, 15027, 0
2026/09/29 05:51:02.753, 15027, 0
2026/09/29 05:51:03.753, 15027, 0
2026/09/29 05:51:04.754, 15027, 0
2026/09/29 05:51:05.754, 15027, 0
2026/09/29 05:51:06.754, 15027, 0
2026/09/29 05:51:07.754, 15027, 0
2026/09/29 05:51:08.755, 15027, 0
2026/09/29 05:51:09.755, 15027, 0
2026/09/29 05:51:10.755, 15027, 0
2026/09/29 05:51:11.755, 15027, 0
2026/09/29 05:51:12.756, 15027, 0
2026/09/29 05:51:13.756, 15027, 0
2026/09/29 05:51:14.756, 15027, 0
2026/09/29 05:51:15.756, 15027, 0
2026/09/29 05:51:16.756, 15027, 0
2026/09/29 05:51:17.757, 15027, 0
2026/09/29 05:51:18.757, 15027, 0
2026/09/29 05:51:19.757, 15027, 0
2026/09/29 05:51:20.757, 15027, 0
2026/09/29 05:51:21.757, 15027, 0
2026/09/29 05:51:22.758, 15027, 0
2026/09/29 05:51:23.758, 15027, 0
2026/09/29 05:51:24.758, 15027, 0
2026/09/29 05:51:25.758, 15027, 0
2026/09/29 05:51:26.758, 15027, 0
2026/09/29 05:51:27.759, 15027, 0
2026/09/29 05:51:28.759, 15027, 0
2026/09/29 05:51:29.759, 15027, 0
2026/09/29 05:51:30.759, 15027, 0
2026/09/29 05:51:31.760, 15027, 0
2026/09/29 05:51:32.760, 15027, 0
2026/09/29 05:51:33.760, 15027, 0
2026/09/29 05:51:34.760, 15027, 0
2026/09/29 05:51:35.760, 15027, 0
2026/09/29 05:51:36.761, 15027, 0
2026/09/29 05:51:37.761, 15027, 0
2026/09/29 05:51:38.761, 15027, 0
2026/09/29 05:51:39.761, 15027, 0
2026/09/29 05:51:40.761, 15027, 0
2026/09/29 05:51:41.762, 15027, 0
2026/09/29 05:51:42.762, 15027, 0
2026/09/29 05:51:43.762, 15027, 0
2026/09/29 05:51:44.762, 15027, 0
2026/09/29 05:51:45.763, 15027, 0
2026/09/29 05:51:46.763, 15027, 0
2026/09/29 05:51:47.763, 15027, 0
2026/09/29 05:51:48.763, 15027, 0
2026/09/29 05:51:49.763, 15027, 0
2026/09/29 05:51:50.764, 15027, 0
2026/09/29 05:51:51.764, 15027, 0
2026/09/29 05:51:52.764, 15027, 0
2026/09/29 05:51:53.764, 15027, 0
2026/09/29 05:51:54.765, 15027, 0
2026/09/29 05:51:55.765, 15027, 0
2026/09/29 05:51:56.765, 15027, 0
2026/09/29 05:51:57.765, 15027, 0
2026/09/29 05:51:58.766, 15027, 0
2026/09/29 05:51:59.766, 15027, 0
2026/09/29 05:52:00.766, 15027, 0
2026/09/29 05:52:01.766, 15027, 0
2026/09/29 05:52:02.766, 15027, 0
2026/09/29 05:52:03.767, 15027, 0
2026/09/29 05:52:04.767, 15027, 0
2026/09/29 05:52:05.767, 15027, 0
2026/09/29 05:52:06.767, 15027, 0
2026/09/29 05:52:07.768, 15027, 0
2026/09/29 05:52:08.768, 15027, 0
2026/09/29 05:52:09.768, 15027, 0
2026/09/29 05:52:10.768, 17196, 0
2026/09/29 05:52:11.768, 17196, 0
2026/09/29 05:52:12.769, 17196, 0
2026/09/29 05:52:13.769, 17196, 0
2026/09/29 05:52:14.769, 17196, 0
2026/09/29 05:52:15.769, 17196, 0
2026/09/29 05:52:16.770, 17196, 0
2026/09/29 05:52:17.770, 17196, 0
2026/09/29 05:52:18.770, 17987, 0
2026/09/29 05:52:19.770, 17987, 0
2026/09/29 05:52:20.771, 17987, 0
2026/09/29 05:52:21.771, 17987, 0
2026/09/29 05:52:22.771, 18003, 0
2026/09/29 05:52:23.771, 18097, 0
2026/09/29 05:52:24.771, 18097, 0
2026/09/29 05:52:25.772, 18097, 0
2026/09/29 05:52:26.772, 18097, 3
2026/09/29 05:52:27.772, 18097, 5
2026/09/29 05:52:28.772, 18097, 0
2026/09/29 05:52:29.772, 18097, 0
2026/09/29 05:52:30.772, 18394, 45
2026/09/29 05:52:31.773, 18374, 0
2026/09/29 05:52:32.773, 18374, 0
2026/09/29 05:52:33.773, 18374, 0
2026/09/29 05:52:34.773, 18374, 0
2026/09/29 05:52:35.774, 18374, 0
2026/09/29 05:52:36.774, 18374, 0
2026/09/29 05:52:37.774, 18374, 0
2026/09/29 05:52:38.774, 18374, 0
2026/09/29 05:52:39.774, 18374, 0
2026/09/29 05:52:40.775, 18374, 0
2026/09/29 05:52:41.775, 18374, 0
2026/09/29 05:52:42.775, 18374, 0
2026/09/29 05:52:43.775, 18457, 8
2026/09/29 05:52:44.776, 18448, 53
2026/09/29 05:52:45.776, 18561, 43
2026/09/29 05:52:46.776, 18548, 0
2026/09/29 05:52:47.776, 18548, 0
2026/09/29 05:52:48.776, 18548, 0
2026/09/29 05:52:49.777, 18548, 0
2026/09/29 05:52:50.777, 18548, 0
2026/09/29 05:52:51.777, 18548, 0
2026/09/29 05:52:52.777, 18548, 0
2026/09/29 05:52:53.778, 18548, 0
2026/09/29 05:52:54.778, 18548, 0
2026/09/29 05:52:55.778, 18548, 49
2026/09/29 05:52:56.778, 18408, 56
2026/09/29 05:52:57.778, 18408, 59
2026/09/29 05:52:58.779, 18408, 53
2026/09/29 05:52:59.779, 18408, 54
2026/09/29 05:53:00.779, 18408, 56
2026/09/29 05:53:01.779, 18408, 58
2026/09/29 05:53:02.780, 18408, 59
2026/09/29 05:53:03.780, 18408, 57
2026/09/29 05:53:04.780, 18408, 56
2026/09/29 05:53:05.780, 18408, 58
2026/09/29 05:53:06.780, 18408, 45
2026/09/29 05:53:07.781, 18408, 38
2026/09/29 05:53:08.781, 18408, 53
2026/09/29 05:53:09.781, 18408, 53
2026/09/29 05:53:10.781, 18408, 53
2026/09/29 05:53:11.782, 18408, 62
2026/09/29 05:53:12.782, 18408, 55
2026/09/29 05:53:13.782, 18408, 59
2026/09/29 05:53:14.782, 18408, 58
2026/09/29 05:53:15.782, 18408, 52
2026/09/29 05:53:16.783, 18408, 51
2026/09/29 05:53:17.783, 18408, 63
2026/09/29 05:53:18.783, 18408, 50
2026/09/29 05:53:19.783, 18408, 57
2026/09/29 05:53:20.784, 18408, 58
2026/09/29 05:53:21.784, 18408, 45
2026/09/29 05:53:22.784, 18408, 58
2026/09/29 05:53:23.784, 18408, 57
2026/09/29 05:53:24.785, 18408, 57
2026/09/29 05:53:25.785, 18408, 54
2026/09/29 05:53:26.785, 18408, 67
2026/09/29 05:53:27.785, 18408, 70
2026/09/29 05:53:28.785, 18408, 58
2026/09/29 05:53:29.786, 18408, 53
2026/09/29 05:53:30.786, 18408, 55
2026/09/29 05:53:31.786, 18408, 71
2026/09/29 05:53:32.786, 18408, 53
2026/09/29 05:53:33.786, 18408, 54
2026/09/29 05:53:34.787, 18408, 51
2026/09/29 05:53:35.787, 18408, 57
2026/09/29 05:53:36.787, 18408, 44
2026/09/29 05:53:37.787, 18408, 38
2026/09/29 05:53:38.787, 18408, 53
2026/09/29 05:53:39.788, 18408, 52
2026/09/29 05:53:40.788, 18408, 55
2026/09/29 05:53:41.788, 18408, 60
2026/09/29 05:53:42.788, 18408, 33
2026/09/29 05:53:43.789, 18408, 52
2026/09/29 05:53:44.789, 18408, 58
2026/09/29 05:53:45.789, 18408, 56
2026/09/29 05:53:46.789, 18408, 54
2026/09/29 05:53:47.789, 18408, 36
2026/09/29 05:53:48.790, 18408, 58
2026/09/29 05:53:49.790, 18408, 53
2026/09/29 05:53:50.790, 18408, 54
2026/09/29 05:53:51.790, 18408, 51
2026/09/29 05:53:52.790, 18408, 58
2026/09/29 05:53:53.791, 18408, 51
2026/09/29 05:53:54.791, 18408, 55
2026/09/29 05:53:55.791, 18408, 52
2026/09/29 05:53:56.791, 18408, 25
2026/09/29 05:53:57.792, 18408, 52
2026/09/29 05:53:58.792, 18408, 55
2026/09/29 05:53:59.792, 18408, 37
2026/09/29 05:54:00.792, 18408, 58
2026/09/29 05:54:01.792, 18408, 57
2026/09/29 05:54:02.793, 18408, 55
2026/09/29 05:54:03.793, 18408, 51
2026/09/29 05:54:04.793, 18408, 53
2026/09/29 05:54:05.793, 18408, 52
2026/09/29 05:54:06.794, 18408, 57
2026/09/29 05:54:07.794, 18408, 50
2026/09/29 05:54:08.794, 18408, 56
2026/09/29 05:54:09.794, 18408, 53
2026/09/29 05:54:10.794, 18408, 44
2026/09/29 05:54:11.795, 18408, 51
2026/09/29 05:54:12.795, 18408, 55
2026/09/29 05:54:13.795, 18408, 33
2026/09/29 05:54:14.795, 18408, 50
2026/09/29 05:54:15.796, 18408, 55
2026/09/29 05:54:16.796, 18408, 49
2026/09/29 05:54:17.796, 18408, 51
2026/09/29 05:54:18.796, 18408, 49
2026/09/29 05:54:19.797, 18408, 39
2026/09/29 05:54:20.797, 18408, 52
2026/09/29 05:54:21.797, 18408, 55
2026/09/29 05:54:22.797, 18408, 39
2026/09/29 05:54:23.797, 18408, 68
2026/09/29 05:54:24.798, 18408, 51
2026/09/29 05:54:25.798, 18408, 55
2026/09/29 05:54:26.798, 18408, 51
2026/09/29 05:54:27.798, 18408, 54
2026/09/29 05:54:28.799, 18408, 51
2026/09/29 05:54:29.799, 18408, 56
2026/09/29 05:54:30.799, 18408, 51
2026/09/29 05:54:31.799, 18408, 50
2026/09/29 05:54:32.799, 18408, 60
2026/09/29 05:54:33.800, 18408, 50
2026/09/29 05:54:34.800, 18408, 55
2026/09/29 05:54:35.800, 18408, 50
2026/09/29 05:54:36.800, 18408, 52
2026/09/29 05:54:37.801, 18408, 70
2026/09/29 05:54:38.801, 18408, 47
2026/09/29 05:54:39.801, 18408, 50
2026/09/29 05:54:40.801, 18408, 55
2026/09/29 05:54:41.801, 18408, 49
2026/09/29 05:54:42.802, 18408, 57
2026/09/29 05:54:43.802, 18408, 47
2026/09/29 05:54:44.802, 18408, 55
2026/09/29 05:54:45.802, 18408, 51
2026/09/29 05:54:46.803, 18408, 65
2026/09/29 05:54:47.803, 18408, 51
2026/09/29 05:54:48.803, 18408, 55
2026/09/29 05:54:49.803, 18408, 49
2026/09/29 05:54:50.804, 18408, 56
2026/09/29 05:54:51.804, 18408, 61
2026/09/29 05:54:52.804, 18408, 39
2026/09/29 05:54:53.804, 18408, 55
2026/09/29 05:54:54.804, 18408, 54
2026/09/29 05:54:55.805, 18408, 33
2026/09/29 05:54:56.805, 18408, 67
2026/09/29 05:54:57.805, 18408, 48
2026/09/29 05:54:58.805, 18408, 55
2026/09/29 05:54:59.805, 18408, 50
2026/09/29 05:55:00.806, 18408, 57
2026/09/29 05:55:01.806, 18408, 55
2026/09/29 05:55:02.806, 18408, 56
2026/09/29 05:55:03.806, 18408, 50
2026/09/29 05:55:04.807, 18408, 51
2026/09/29 05:55:05.807, 18408, 52
2026/09/29 05:55:06.807, 18408, 47
2026/09/29 05:55:07.807, 18408, 49
2026/09/29 05:55:08.807, 18408, 55
2026/09/29 05:55:09.808, 18408, 44
2026/09/29 05:55:10.808, 18408, 56
2026/09/29 05:55:11.808, 18408, 35
2026/09/29 05:55:12.808, 18408, 54
2026/09/29 05:55:13.809, 18408, 50
2026/09/29 05:55:14.809, 18408, 53
2026/09/29 05:55:15.809, 18408, 66
2026/09/29 05:55:16.809, 18408, 57
2026/09/29 05:55:17.810, 18408, 51
2026/09/29 05:55:18.810, 18408, 55
2026/09/29 05:55:19.810, 18408, 59
2026/09/29 05:55:20.810, 18408, 48
2026/09/29 05:55:21.810, 18408, 49
2026/09/29 05:55:22.811, 18408, 55
2026/09/29 05:55:23.811, 18408, 55
2026/09/29 05:55:24.811, 18408, 65
2026/09/29 05:55:25.811, 18408, 32
2026/09/29 05:55:26.811, 18408, 54
2026/09/29 05:55:27.812, 18408, 55
2026/09/29 05:55:28.812, 18408, 40
2026/09/29 05:55:29.812, 18408, 74
2026/09/29 05:55:30.812, 18408, 56
2026/09/29 05:55:31.813, 18408, 53
2026/09/29 05:55:32.813, 18408, 51
2026/09/29 05:55:33.813, 18408, 59
2026/09/29 05:55:34.813, 18408, 45
2026/09/29 05:55:35.813, 18408, 50
2026/09/29 05:55:36.814, 18408, 55
2026/09/29 05:55:37.814, 18408, 55
2026/09/29 05:55:38.814, 18408, 46
2026/09/29 05:55:39.814, 18408, 52
2026/09/29 05:55:40.815, 18408, 55
2026/09/29 05:55:41.815, 18408, 55
2026/09/29 05:55:42.815, 18408, 70
2026/09/29 05:55:43.815, 18408, 40
2026/09/29 05:55:44.815, 18408, 50
2026/09/29 05:55:45.816, 18408, 54
2026/09/29 05:55:46.816, 18408, 49
2026/09/29 05:55:47.816, 18408, 58
2026/09/29 05:55:48.816, 18408, 55
2026/09/29 05:55:49.817, 18408, 55
2026/09/29 05:55:50.817, 18408, 51
2026/09/29 05:55:51.817, 18408, 69
2026/09/29 05:55:52.817, 18408, 49
2026/09/29 05:55:53.818, 18408, 50
2026/09/29 05:55:54.818, 18408, 55
2026/09/29 05:55:55.818, 18408, 55
2026/09/29 05:55:56.818, 18408, 61
2026/09/29 05:55:57.819, 18408, 41
2026/09/29 05:55:58.819, 18408, 55
2026/09/29 05:55:59.819, 18408, 54
2026/09/29 05:56:00.819, 18408, 52
2026/09/29 05:56:01.819, 18408, 69
2026/09/29 05:56:02.820, 18408, 57
2026/09/29 05:56:03.820, 18408, 54
2026/09/29 05:56:04.820, 18408, 50
2026/09/29 05:56:05.820, 18408, 60
2026/09/29 05:56:06.821, 18408, 46
2026/09/29 05:56:07.821, 18408, 55
2026/09/29 05:56:08.821, 18408, 51
2026/09/29 05:56:09.821, 18408, 56
2026/09/29 05:56:10.821, 18408, 50
2026/09/29 05:56:11.822, 18408, 42
2026/09/29 05:56:12.822, 18408, 54
2026/09/29 05:56:13.822, 18408, 50
2026/09/29 05:56:14.822, 18408, 53
2026/09/29 05:56:15.823, 18408, 60
2026/09/29 05:56:16.823, 18408, 56
2026/09/29 05:56:17.823, 18408, 49
2026/09/29 05:56:18.823, 18408, 56
2026/09/29 05:56:19.823, 18408, 67
2026/09/29 05:56:20.824, 18408, 34
2026/09/29 05:56:21.824, 18408, 54
2026/09/29 05:56:22.824, 18408, 50
2026/09/29 05:56:23.824, 18408, 53
2026/09/29 05:56:24.824, 18408, 48
2026/09/29 05:56:25.825, 18408, 55
2026/09/29 05:56:26.825, 18408, 55
2026/09/29 05:56:27.825, 18408, 50
2026/09/29 05:56:28.825, 18408, 53
2026/09/29 05:56:29.826, 18408, 56
2026/09/29 05:56:30.826, 18408, 56
2026/09/29 05:56:31.826, 18408, 50
2026/09/29 05:56:32.826, 18408, 56
2026/09/29 05:56:33.826, 18408, 49
2026/09/29 05:56:34.827, 18408, 26
2026/09/29 05:56:35.827, 18408, 51
2026/09/29 05:56:36.827, 18408, 50
2026/09/29 05:56:37.827, 18408, 55
2026/09/29 05:56:38.827, 18408, 67
2026/09/29 05:56:39.828, 18408, 33
2026/09/29 05:56:40.828, 18408, 49
2026/09/29 05:56:41.828, 18408, 56
2026/09/29 05:56:42.828, 18408, 32
2026/09/29 05:56:43.829, 18408, 60
2026/09/29 05:56:44.829, 18408, 56
2026/09/29 05:56:45.829, 18408, 54
2026/09/29 05:56:46.829, 18408, 49
2026/09/29 05:56:47.829, 18408, 58
2026/09/29 05:56:48.830, 18408, 46
2026/09/29 05:56:49.830, 18408, 51
2026/09/29 05:56:50.830, 18408, 49
2026/09/29 05:56:51.830, 18408, 53
2026/09/29 05:56:52.831, 18408, 59
2026/09/29 05:56:53.831, 18408, 35
2026/09/29 05:56:54.831, 18408, 52
2026/09/29 05:56:55.831, 18408, 50
2026/09/29 05:56:56.831, 18408, 50
2026/09/29 05:56:57.832, 18408, 56
2026/09/29 05:56:58.832, 18408, 58
2026/09/29 05:56:59.832, 18408, 56
2026/09/29 05:57:00.832, 18408, 55
2026/09/29 05:57:01.833, 18408, 55
2026/09/29 05:57:02.833, 18408, 54
2026/09/29 05:57:03.833, 18408, 64
2026/09/29 05:57:04.833, 18408, 33
2026/09/29 05:57:05.833, 18408, 49
2026/09/29 05:57:06.834, 18408, 55
2026/09/29 05:57:07.834, 18408, 55
2026/09/29 05:57:08.834, 18408, 61
2026/09/29 05:57:09.834, 18408, 32
2026/09/29 05:57:10.834, 18408, 48
2026/09/29 05:57:11.835, 18408, 50
2026/09/29 05:57:12.835, 18408, 55
2026/09/29 05:57:13.835, 18408, 71
2026/09/29 05:57:14.835, 18408, 59
2026/09/29 05:57:15.835, 18408, 55
2026/09/29 05:57:16.836, 18408, 55
2026/09/29 05:57:17.836, 18408, 50
2026/09/29 05:57:18.836, 18408, 44
2026/09/29 05:57:19.836, 18408, 70
2026/09/29 05:57:20.837, 18408, 41
2026/09/29 05:57:21.837, 18408, 54
2026/09/29 05:57:22.837, 18408, 56
2026/09/29 05:57:23.837, 18408, 55
2026/09/29 05:57:24.838, 18408, 45
2026/09/29 05:57:25.838, 18408, 34
2026/09/29 05:57:26.839, 18408, 51
2026/09/29 05:57:27.839, 18408, 50
2026/09/29 05:57:28.839, 18408, 50
2026/09/29 05:57:29.839, 18408, 53
2026/09/29 05:57:30.839, 18408, 47
2026/09/29 05:57:31.840, 18408, 48
2026/09/29 05:57:32.840, 18408, 56
2026/09/29 05:57:33.840, 18408, 55
2026/09/29 05:57:34.840, 18408, 54
2026/09/29 05:57:35.841, 18408, 50
2026/09/29 05:57:36.841, 18408, 21
2026/09/29 05:57:37.841, 18408, 48
2026/09/29 05:57:38.841, 18408, 50
2026/09/29 05:57:39.842, 18408, 51
2026/09/29 05:57:40.842, 18408, 62
2026/09/29 05:57:41.842, 18408, 31
2026/09/29 05:57:42.842, 18408, 56
2026/09/29 05:57:43.842, 18408, 56
2026/09/29 05:57:44.843, 18408, 55
2026/09/29 05:57:45.843, 18408, 42
2026/09/29 05:57:46.843, 18408, 47
2026/09/29 05:57:47.844, 18408, 30
2026/09/29 05:57:48.844, 18408, 51
2026/09/29 05:57:49.844, 18408, 51
2026/09/29 05:57:50.844, 18408, 54
2026/09/29 05:57:51.844, 18408, 51
2026/09/29 05:57:52.845, 18408, 47
2026/09/29 05:57:53.845, 18408, 55
2026/09/29 05:57:54.845, 18408, 54
2026/09/29 05:57:55.845, 18408, 50
2026/09/29 05:57:56.846, 18408, 50
2026/09/29 05:57:57.846, 18408, 48
2026/09/29 05:57:58.846, 18408, 55
2026/09/29 05:57:59.846, 18408, 55
2026/09/29 05:58:00.847, 18408, 53
2026/09/29 05:58:01.847, 18408, 38
2026/09/29 05:58:02.847, 18408, 50
2026/09/29 05:58:03.847, 18408, 19
2026/09/29 05:58:04.847, 18408, 51
2026/09/29 05:58:05.848, 18408, 50
2026/09/29 05:58:06.848, 18408, 54
2026/09/29 05:58:07.848, 18408, 56
2026/09/29 05:58:08.848, 18408, 34
2026/09/29 05:58:09.848, 18408, 56
2026/09/29 05:58:10.849, 18408, 0
2026/09/29 05:58:11.849, 18408, 0
2026/09/29 05:58:12.849, 18408, 0
2026/09/29 05:58:13.849, 18408, 0
2026/09/29 05:58:14.849, 13779, 0
2026/09/29 05:58:15.850, 13779, 0
2026/09/29 05:58:16.850, 13779, 0
2026/09/29 05:58:17.850, 13779, 0
2026/09/29 05:58:18.850, 13779, 0
2026/09/29 05:58:19.851, 13779, 0
2026/09/29 05:58:20.851, 13779, 0
2026/09/29 05:58:21.851, 13779, 0
2026/09/29 05:58:22.851, 13779, 0
2026/09/29 05:58:23.851, 13779, 0
2026/09/29 05:58:24.852, 13779, 0
2026/09/29 05:58:25.852, 13779, 0
2026/09/29 05:58:26.852, 13779, 0
2026/09/29 05:58:27.852, 13779, 0
2026/09/29 05:58:28.853, 13779, 0
2026/09/29 05:58:29.853, 13779, 0
2026/09/29 05:58:30.853, 13779, 0
2026/09/29 05:58:31.853, 13779, 0
2026/09/29 05:58:32.854, 13779, 0
2026/09/29 05:58:33.854, 13779, 0
2026/09/29 05:58:34.854, 13779, 0
2026/09/29 05:58:35.854, 13779, 0
2026/09/29 05:58:36.855, 13779, 0
2026/09/29 05:58:37.855, 13779, 0
2026/09/29 05:58:38.855, 13779, 0
2026/09/29 05:58:39.855, 13779, 0
2026/09/29 05:58:40.856, 13779, 0
2026/09/29 05:58:41.856, 13779, 0
2026/09/29 05:58:42.856, 13779, 0
2026/09/29 05:58:43.856, 13779, 0
2026/09/29 05:58:44.856, 13779, 0
2026/09/29 05:58:45.857, 13779, 0
2026/09/29 05:58:46.857, 13779, 0
2026/09/29 05:58:47.857, 13779, 0
2026/09/29 05:58:48.857, 13779, 0
2026/09/29 05:58:49.857, 13779, 0
2026/09/29 05:58:50.858, 13779, 0
2026/09/29 05:58:51.858, 13779, 0
2026/09/29 05:58:52.858, 13779, 0
2026/09/29 05:58:53.858, 13779, 0
2026/09/29 05:58:54.859, 13779, 0
2026/09/29 05:58:55.859, 13779, 0
2026/09/29 05:58:56.859, 13779, 0
2026/09/29 05:58:57.859, 13779, 0
2026/09/29 05:58:58.860, 13779, 0
2026/09/29 05:58:59.860, 13779, 0
2026/09/29 05:59:00.860, 13779, 0
2026/09/29 05:59:01.860, 13779, 0
2026/09/29 05:59:02.861, 13779, 0
2026/09/29 05:59:03.861, 13779, 0
2026/09/29 05:59:04.861, 13779, 0
2026/09/29 05:59:05.861, 13779, 0
2026/09/29 05:59:06.862, 13779, 0
2026/09/29 05:59:07.862, 13779, 0
2026/09/29 05:59:08.862, 13779, 0
2026/09/29 05:59:09.862, 13779, 0
2026/09/29 05:59:10.863, 13779, 0
2026/09/29 05:59:11.863, 13779, 0
2026/09/29 05:59:12.863, 13779, 0
2026/09/29 05:59:13.863, 13779, 0
2026/09/29 05:59:14.864, 13779, 0
2026/09/29 05:59:15.864, 13779, 0
2026/09/29 05:59:16.864, 13779, 0
2026/09/29 05:59:17.864, 13779, 0
2026/09/29 05:59:18.864, 13779, 0
2026/09/29 05:59:19.865, 13779, 0
2026/09/29 05:59:20.865, 13779, 0
2026/09/29 05:59:21.865, 13779, 0
2026/09/29 05:59:22.865, 13779, 0
2026/09/29 05:59:23.866, 13779, 0
2026/09/29 05:59:24.866, 13779, 0
2026/09/29 05:59:25.866, 13779, 0
2026/09/29 05:59:26.866, 13779, 0
2026/09/29 05:59:27.867, 13779, 0
2026/09/29 05:59:28.867, 13779, 0
2026/09/29 05:59:29.867, 13779, 0
2026/09/29 05:59:30.867, 13779, 0
2026/09/29 05:59:31.867, 13779, 0
2026/09/29 05:59:32.867, 13779, 0
2026/09/29 05:59:33.868, 13779, 0
2026/09/29 05:59:34.868, 13779, 0
2026/09/29 05:59:35.868, 13779, 0
2026/09/29 05:59:36.868, 13779, 0
2026/09/29 05:59:37.869, 13779, 0
2026/09/29 05:59:38.869, 13779, 0
2026/09/29 05:59:39.869, 13779, 0
2026/09/29 05:59:40.869, 13779, 0
2026/09/29 05:59:41.870, 13779, 0
2026/09/29 05:59:42.870, 13779, 0
2026/09/29 05:59:43.870, 13779, 0
2026/09/29 05:59:44.870, 13779, 0
2026/09/29 05:59:45.871, 13779, 0
2026/09/29 05:59:46.871, 13779, 0
2026/09/29 05:59:47.871, 13779, 0
2026/09/29 05:59:48.871, 13779, 0
2026/09/29 05:59:49.871, 13779, 0
2026/09/29 05:59:50.872, 13779, 0
2026/09/29 05:59:51.872, 13779, 0
2026/09/29 05:59:52.872, 13779, 0
2026/09/29 05:59:53.872, 13779, 0
2026/09/29 05:59:54.873, 13779, 0
2026/09/29 05:59:55.873, 13779, 0
2026/09/29 05:59:56.873, 13779, 0
2026/09/29 05:59:57.873, 13779, 0
2026/09/29 05:59:58.874, 13779, 0
2026/09/29 05:59:59.874, 13779, 0
2026/09/29 06:00:00.874, 13779, 0
2026/09/29 06:00:01.874, 13779, 0
2026/09/29 06:00:02.875, 13779, 0
2026/09/29 06:00:03.875, 13779, 0
2026/09/29 06:00:04.875, 13779, 0
2026/09/29 06:00:05.875, 13779, 0
2026/09/29 06:00:06.875, 13779, 0
2026/09/29 06:00:07.876, 13779, 0
2026/09/29 06:00:08.876, 13779, 0
2026/09/29 06:00:09.876, 13779, 0
2026/09/29 06:00:10.876, 13779, 0
2026/09/29 06:00:11.877, 13779, 0
2026/09/29 06:00:12.877, 13779, 0
2026/09/29 06:00:13.877, 13779, 0
2026/09/29 06:00:14.877, 13779, 0
2026/09/29 06:00:15.878, 13779, 0
2026/09/29 06:00:16.878, 13779, 0
2026/09/29 06:00:17.878, 8876, 0
2026/09/29 06:00:18.878, 8876, 0
2026/09/29 06:00:19.878, 8876, 0
2026/09/29 06:00:20.879, 8876, 0
2026/09/29 06:00:21.879, 18089, 0
2026/09/29 06:00:22.879, 18095, 5
2026/09/29 06:00:23.879, 18099, 14
2026/09/29 06:00:24.879, 18191, 0
2026/09/29 06:00:25.880, 18191, 0
2026/09/29 06:00:26.880, 18191, 0
2026/09/29 06:00:27.880, 18191, 0
2026/09/29 06:00:28.880, 18191, 0
2026/09/29 06:00:29.881, 18191, 0
2026/09/29 06:00:30.881, 18191, 0
2026/09/29 06:00:31.881, 18788, 3
2026/09/29 06:00:32.881, 18961, 0
2026/09/29 06:00:33.882, 18961, 0
2026/09/29 06:00:34.882, 18993, 0
2026/09/29 06:00:35.882, 18993, 0
2026/09/29 06:00:36.882, 18807, 0
2026/09/29 06:00:37.882, 19228, 1
2026/09/29 06:00:38.883, 19356, 0
2026/09/29 06:00:39.883, 21862, 5
2026/09/29 06:00:40.883, 22402, 0
2026/09/29 06:00:41.883, 22402, 0
2026/09/29 06:00:42.883, 22402, 0
2026/09/29 06:00:43.883, 22404, 0
2026/09/29 06:00:44.884, 22550, 33
2026/09/29 06:00:45.884, 22550, 0
2026/09/29 06:00:46.884, 22550, 0
2026/09/29 06:00:47.884, 22550, 0
2026/09/29 06:00:48.884, 22550, 0
2026/09/29 06:00:49.885, 22566, 0
2026/09/29 06:00:50.885, 22556, 1
2026/09/29 06:00:51.885, 22708, 0
2026/09/29 06:00:52.885, 22903, 0
2026/09/29 06:00:53.885, 22900, 57
2026/09/29 06:00:54.886, 22955, 0
2026/09/29 06:00:55.886, 22942, 0
2026/09/29 06:00:56.886, 22954, 0
2026/09/29 06:00:57.886, 22962, 66
2026/09/29 06:00:58.887, 22962, 70
2026/09/29 06:00:59.887, 22962, 61
2026/09/29 06:01:00.887, 22962, 70
2026/09/29 06:01:01.887, 22962, 69
2026/09/29 06:01:02.887, 22962, 61
2026/09/29 06:01:03.888, 22962, 77
2026/09/29 06:01:04.888, 22822, 76
2026/09/29 06:01:05.888, 22822, 55
2026/09/29 06:01:06.888, 22822, 77
2026/09/29 06:01:07.888, 22822, 74
2026/09/29 06:01:08.889, 22822, 0
2026/09/29 06:01:09.889, 18211, 9
2026/09/29 06:01:10.889, 18211, 63
2026/09/29 06:01:11.889, 18211, 69
2026/09/29 06:01:12.890, 18211, 66
2026/09/29 06:01:13.890, 18211, 67
2026/09/29 06:01:14.890, 18211, 66
2026/09/29 06:01:15.890, 18211, 74
2026/09/29 06:01:16.891, 18211, 75
2026/09/29 06:01:17.891, 18211, 73
2026/09/29 06:01:18.891, 18211, 74
2026/09/29 06:01:19.891, 18211, 75
2026/09/29 06:01:20.891, 18211, 74
2026/09/29 06:01:21.892, 18211, 72
2026/09/29 06:01:22.892, 18211, 70
2026/09/29 06:01:23.892, 18211, 67
2026/09/29 06:01:24.892, 18211, 66
2026/09/29 06:01:25.892, 18211, 66
2026/09/29 06:01:26.892, 18211, 72
2026/09/29 06:01:27.893, 18211, 74
2026/09/29 06:01:28.893, 18211, 74
2026/09/29 06:01:29.893, 18211, 74
2026/09/29 06:01:30.893, 18211, 74
2026/09/29 06:01:31.894, 18211, 74
2026/09/29 06:01:32.894, 18211, 74
2026/09/29 06:01:33.894, 18211, 75
2026/09/29 06:01:34.894, 18211, 69
2026/09/29 06:01:35.894, 18211, 67
2026/09/29 06:01:36.895, 18211, 66
2026/09/29 06:01:37.895, 18211, 67
2026/09/29 06:01:38.895, 18211, 66
2026/09/29 06:01:39.895, 18211, 73
2026/09/29 06:01:40.896, 18211, 75
2026/09/29 06:01:41.896, 18211, 74
2026/09/29 06:01:42.896, 18211, 73
2026/09/29 06:01:43.896, 18211, 74
2026/09/29 06:01:44.896, 18211, 73
2026/09/29 06:01:45.897, 18211, 69
2026/09/29 06:01:46.897, 18211, 66
2026/09/29 06:01:47.897, 18211, 66
2026/09/29 06:01:48.897, 18211, 66
2026/09/29 06:01:49.897, 18211, 70
2026/09/29 06:01:50.898, 18211, 74
2026/09/29 06:01:51.898, 18211, 73
2026/09/29 06:01:52.898, 18211, 72
2026/09/29 06:01:53.898, 18211, 73
2026/09/29 06:01:54.899, 18211, 74
2026/09/29 06:01:55.899, 18211, 73
2026/09/29 06:01:56.899, 18211, 69
2026/09/29 06:01:57.899, 18211, 67
2026/09/29 06:01:58.899, 18211, 66
2026/09/29 06:01:59.900, 18211, 65
2026/09/29 06:02:00.900, 18211, 70
2026/09/29 06:02:01.900, 18211, 74
2026/09/29 06:02:02.900, 18211, 74
2026/09/29 06:02:03.901, 18211, 74
2026/09/29 06:02:04.901, 18211, 74
2026/09/29 06:02:05.901, 18211, 73
2026/09/29 06:02:06.901, 18211, 74
2026/09/29 06:02:07.902, 18211, 69
2026/09/29 06:02:08.902, 18211, 66
2026/09/29 06:02:09.902, 18211, 67
2026/09/29 06:02:10.902, 18211, 67
2026/09/29 06:02:11.903, 18211, 67
2026/09/29 06:02:12.903, 18211, 74
2026/09/29 06:02:13.903, 18211, 74
2026/09/29 06:02:14.903, 18211, 75
2026/09/29 06:02:15.903, 18211, 72
2026/09/29 06:02:16.904, 18211, 72
2026/09/29 06:02:17.904, 18211, 75
2026/09/29 06:02:18.904, 18211, 71
2026/09/29 06:02:19.904, 8876, 17
2026/09/29 06:02:20.905, 8876, 0
2026/09/29 06:02:21.905, 8876, 0
2026/09/29 06:02:22.905, 8876, 0
2026/09/29 06:02:23.905, 8876, 0
2026/09/29 06:02:24.905, 27379, 7
2026/09/29 06:02:25.906, 27381, 4
2026/09/29 06:02:26.906, 27385, 4
2026/09/29 06:02:27.906, 27387, 6
2026/09/29 06:02:28.906, 27389, 4
2026/09/29 06:02:29.906, 27391, 4
2026/09/29 06:02:30.907, 27393, 5
2026/09/29 06:02:31.907, 27395, 3
2026/09/29 06:02:32.907, 27529, 0
2026/09/29 06:02:33.907, 27529, 0
2026/09/29 06:02:34.908, 27529, 0
2026/09/29 06:02:35.911, 27529, 0
2026/09/29 06:02:36.911, 27529, 0
2026/09/29 06:02:37.911, 27529, 0
2026/09/29 06:02:38.911, 28189, 4
2026/09/29 06:02:39.911, 28299, 0
2026/09/29 06:02:40.912, 28299, 0
2026/09/29 06:02:41.912, 28331, 0
2026/09/29 06:02:42.912, 28331, 0
2026/09/29 06:02:43.912, 28145, 0
2026/09/29 06:02:44.912, 28598, 1
2026/09/29 06:02:45.913, 28694, 0
2026/09/29 06:02:46.913, 31740, 4
2026/09/29 06:02:47.913, 31740, 0
2026/09/29 06:02:48.913, 31740, 0
2026/09/29 06:02:49.913, 31740, 0
2026/09/29 06:02:50.914, 31742, 0
2026/09/29 06:02:51.914, 31888, 13
2026/09/29 06:02:52.914, 31888, 0
2026/09/29 06:02:53.914, 31888, 0
2026/09/29 06:02:54.915, 31888, 0
2026/09/29 06:02:55.915, 31904, 0
2026/09/29 06:02:56.915, 31904, 0
2026/09/29 06:02:57.915, 31902, 1
2026/09/29 06:02:58.915, 32046, 0
2026/09/29 06:02:59.915, 32230, 0
2026/09/29 06:03:00.916, 32202, 57
2026/09/29 06:03:01.916, 32293, 0
2026/09/29 06:03:02.916, 32280, 0
2026/09/29 06:03:03.916, 32290, 0
2026/09/29 06:03:04.917, 32292, 85
2026/09/29 06:03:05.917, 32292, 84
2026/09/29 06:03:06.917, 32292, 42
2026/09/29 06:03:07.917, 32292, 91
2026/09/29 06:03:08.917, 32292, 91
2026/09/29 06:03:09.918, 32292, 55
2026/09/29 06:03:10.918, 32247, 81
2026/09/29 06:03:11.918, 32152, 58
2026/09/29 06:03:12.918, 32152, 92
2026/09/29 06:03:13.918, 32152, 91
2026/09/29 06:03:14.919, 32152, 65
2026/09/29 06:03:15.919, 32152, 91
2026/09/29 06:03:16.919, 32152, 0
2026/09/29 06:03:17.919, 27541, 0
2026/09/29 06:03:18.920, 27541, 86
2026/09/29 06:03:19.920, 27541, 83
2026/09/29 06:03:20.920, 27541, 91
2026/09/29 06:03:21.920, 27541, 92
2026/09/29 06:03:22.920, 27541, 80
2026/09/29 06:03:23.921, 27541, 88
2026/09/29 06:03:24.921, 27541, 92
2026/09/29 06:03:25.921, 27541, 91
2026/09/29 06:03:26.921, 27541, 81
2026/09/29 06:03:27.922, 27541, 86
2026/09/29 06:03:28.922, 27541, 91
2026/09/29 06:03:29.922, 27541, 92
2026/09/29 06:03:30.922, 27541, 81
2026/09/29 06:03:31.922, 27541, 84
2026/09/29 06:03:32.923, 27541, 92
2026/09/29 06:03:33.923, 27541, 91
2026/09/29 06:03:34.923, 27541, 81
2026/09/29 06:03:35.923, 27541, 83
2026/09/29 06:03:36.924, 27541, 91
2026/09/29 06:03:37.924, 27541, 91
2026/09/29 06:03:38.924, 27541, 80
2026/09/29 06:03:39.924, 27541, 91
2026/09/29 06:03:40.924, 27541, 92
2026/09/29 06:03:41.925, 27541, 91
2026/09/29 06:03:42.925, 27541, 81
2026/09/29 06:03:43.925, 27541, 92
2026/09/29 06:03:44.925, 27541, 91
2026/09/29 06:03:45.926, 27541, 91
2026/09/29 06:03:46.926, 27541, 81
2026/09/29 06:03:47.926, 27541, 92
2026/09/29 06:03:48.926, 27541, 92
2026/09/29 06:03:49.927, 27541, 92
2026/09/29 06:03:50.927, 27541, 81
2026/09/29 06:03:51.927, 27541, 85
2026/09/29 06:03:52.927, 27541, 91
2026/09/29 06:03:53.928, 27541, 91
2026/09/29 06:03:54.928, 27541, 80
2026/09/29 06:03:55.928, 27541, 83
2026/09/29 06:03:56.928, 27541, 91
2026/09/29 06:03:57.929, 27541, 91
2026/09/29 06:03:58.929, 27541, 81
2026/09/29 06:03:59.929, 27541, 82
2026/09/29 06:04:00.929, 27541, 92
2026/09/29 06:04:01.930, 27541, 91
2026/09/29 06:04:02.930, 27541, 81
2026/09/29 06:04:03.930, 27541, 90
2026/09/29 06:04:04.930, 27541, 81
2026/09/29 06:04:05.930, 27541, 92
2026/09/29 06:04:06.931, 27541, 92
2026/09/29 06:04:07.931, 27541, 89
2026/09/29 06:04:08.931, 27541, 80
2026/09/29 06:04:09.931, 27541, 91
2026/09/29 06:04:10.932, 27541, 91
2026/09/29 06:04:11.932, 27541, 87
2026/09/29 06:04:12.932, 27541, 81
2026/09/29 06:04:13.932, 27541, 91
2026/09/29 06:04:14.932, 27541, 91
2026/09/29 06:04:15.933, 27541, 82
2026/09/29 06:04:16.933, 27541, 81
2026/09/29 06:04:17.933, 27541, 92
2026/09/29 06:04:18.933, 27541, 91
2026/09/29 06:04:19.933, 27541, 80
2026/09/29 06:04:20.934, 27541, 81
2026/09/29 06:04:21.934, 27541, 92
2026/09/29 06:04:22.934, 27541, 91
2026/09/29 06:04:23.934, 27541, 81
2026/09/29 06:04:24.935, 27541, 82
2026/09/29 06:04:25.935, 27541, 91
2026/09/29 06:04:26.935, 27541, 91
2026/09/29 06:04:27.935, 27541, 81
2026/09/29 06:04:28.936, 27541, 82
2026/09/29 06:04:29.936, 27541, 91
2026/09/29 06:04:30.936, 27541, 92
2026/09/29 06:04:31.936, 27541, 80
2026/09/29 06:04:32.937, 27541, 83
2026/09/29 06:04:33.937, 8876, 0
2026/09/29 06:04:34.937, 8876, 0
2026/09/29 06:04:35.937, 8876, 0
2026/09/29 06:04:36.938, 8876, 0
2026/09/29 06:04:37.938, 61611, 0
2026/09/29 06:04:38.938, 61611, 9
2026/09/29 06:04:39.938, 61615, 3
2026/09/29 06:04:40.938, 61619, 5
2026/09/29 06:04:41.939, 61621, 4
2026/09/29 06:04:42.939, 61623, 5
2026/09/29 06:04:43.939, 61625, 6
2026/09/29 06:04:44.940, 61627, 3
2026/09/29 06:04:45.940, 61631, 6
2026/09/29 06:04:46.940, 61633, 5
2026/09/29 06:04:47.940, 61637, 3
2026/09/29 06:04:48.940, 61639, 5
2026/09/29 06:04:49.941, 61643, 7
2026/09/29 06:04:50.941, 61645, 6
2026/09/29 06:04:51.941, 61647, 1
2026/09/29 06:04:52.941, 61649, 5
2026/09/29 06:04:53.942, 61653, 7
2026/09/29 06:04:54.942, 61655, 5
2026/09/29 06:04:55.942, 61659, 5
2026/09/29 06:04:56.942, 61661, 4
2026/09/29 06:04:57.942, 61663, 6
2026/09/29 06:04:58.943, 61663, 0
2026/09/29 06:04:59.943, 61663, 0
2026/09/29 06:05:00.943, 61871, 0
2026/09/29 06:05:01.943, 61871, 0
2026/09/29 06:05:02.944, 61871, 0
2026/09/29 06:05:03.944, 61871, 0
2026/09/29 06:05:04.944, 61871, 0
2026/09/29 06:05:05.944, 61871, 0
2026/09/29 06:05:06.944, 61871, 0
2026/09/29 06:05:07.945, 62617, 0
2026/09/29 06:05:08.945, 62641, 0
2026/09/29 06:05:09.945, 62641, 0
2026/09/29 06:05:10.945, 62673, 0
2026/09/29 06:05:11.945, 62733, 0
2026/09/29 06:05:12.946, 62858, 1
2026/09/29 06:05:13.946, 62922, 1
2026/09/29 06:05:14.946, 64703, 0
2026/09/29 06:05:15.946, 66082, 0
2026/09/29 06:05:16.947, 66082, 0
2026/09/29 06:05:17.947, 66082, 0
2026/09/29 06:05:18.947, 66082, 0
2026/09/29 06:05:19.947, 66084, 0
2026/09/29 06:05:20.947, 66230, 0
2026/09/29 06:05:21.948, 66230, 0
2026/09/29 06:05:22.948, 66230, 0
2026/09/29 06:05:23.948, 66230, 0
2026/09/29 06:05:24.948, 66246, 0
2026/09/29 06:05:25.948, 66246, 0
2026/09/29 06:05:26.949, 66336, 0
2026/09/29 06:05:27.949, 66388, 0
2026/09/29 06:05:28.949, 66552, 56
2026/09/29 06:05:29.949, 66629, 45
2026/09/29 06:05:30.949, 66622, 0
2026/09/29 06:05:31.950, 66622, 10
2026/09/29 06:05:32.950, 66632, 0
2026/09/29 06:05:33.950, 66634, 93
2026/09/29 06:05:34.950, 66634, 86
2026/09/29 06:05:35.950, 66634, 55
2026/09/29 06:05:36.951, 66634, 93
2026/09/29 06:05:37.951, 66634, 93
2026/09/29 06:05:38.951, 66589, 94
2026/09/29 06:05:39.951, 66589, 94
2026/09/29 06:05:40.952, 66589, 94
2026/09/29 06:05:41.952, 66589, 94
2026/09/29 06:05:42.952, 66494, 61
2026/09/29 06:05:43.952, 66494, 93
2026/09/29 06:05:44.952, 66494, 94
2026/09/29 06:05:45.953, 66494, 94
2026/09/29 06:05:46.953, 66494, 93
2026/09/29 06:05:47.953, 66494, 93
2026/09/29 06:05:48.953, 66494, 94
2026/09/29 06:05:49.953, 66494, 60
2026/09/29 06:05:50.954, 66494, 93
2026/09/29 06:05:51.954, 66494, 94
2026/09/29 06:05:52.954, 66494, 94
2026/09/29 06:05:53.954, 66494, 94
2026/09/29 06:05:54.955, 66494, 85
2026/09/29 06:05:55.955, 66494, 94
2026/09/29 06:05:56.955, 66494, 64
2026/09/29 06:05:57.955, 66494, 94
2026/09/29 06:05:58.955, 66494, 93
2026/09/29 06:05:59.956, 66494, 60
2026/09/29 06:06:00.956, 66494, 0
2026/09/29 06:06:01.956, 61883, 93
2026/09/29 06:06:02.956, 61883, 93
2026/09/29 06:06:03.956, 61883, 87
2026/09/29 06:06:04.957, 61883, 93
2026/09/29 06:06:05.957, 61883, 94
2026/09/29 06:06:06.957, 61883, 85
2026/09/29 06:06:07.957, 61883, 93
2026/09/29 06:06:08.957, 61883, 94
2026/09/29 06:06:09.958, 61883, 93
2026/09/29 06:06:10.958, 61883, 94
2026/09/29 06:06:11.958, 61883, 93
2026/09/29 06:06:12.958, 61883, 94
2026/09/29 06:06:13.958, 61883, 93
2026/09/29 06:06:14.959, 61883, 85
2026/09/29 06:06:15.959, 61883, 94
2026/09/29 06:06:16.959, 61883, 93
2026/09/29 06:06:17.959, 61883, 94
2026/09/29 06:06:18.959, 61883, 94
2026/09/29 06:06:19.960, 61883, 94
2026/09/29 06:06:20.960, 61883, 94
2026/09/29 06:06:21.960, 61883, 94
2026/09/29 06:06:22.960, 61883, 85
2026/09/29 06:06:23.961, 61883, 94
2026/09/29 06:06:24.961, 61883, 94
2026/09/29 06:06:25.961, 61883, 93
2026/09/29 06:06:26.961, 61883, 94
2026/09/29 06:06:27.961, 61883, 93
2026/09/29 06:06:28.962, 61883, 93
2026/09/29 06:06:29.962, 61883, 94
2026/09/29 06:06:30.962, 61883, 85
2026/09/29 06:06:31.962, 61883, 93
2026/09/29 06:06:32.962, 61883, 94
2026/09/29 06:06:33.963, 61883, 94
2026/09/29 06:06:34.963, 61883, 94
2026/09/29 06:06:35.963, 61883, 86
2026/09/29 06:06:36.963, 61883, 94
2026/09/29 06:06:37.964, 61883, 93
2026/09/29 06:06:38.964, 61883, 92
2026/09/29 06:06:39.964, 61883, 94
2026/09/29 06:06:40.964, 61883, 94
2026/09/29 06:06:41.964, 61883, 93
2026/09/29 06:06:42.965, 61883, 94
2026/09/29 06:06:43.965, 61883, 85
2026/09/29 06:06:44.965, 61883, 93
2026/09/29 06:06:45.965, 61883, 94
2026/09/29 06:06:46.966, 61883, 94
2026/09/29 06:06:47.966, 61883, 94
2026/09/29 06:06:48.966, 61883, 93
2026/09/29 06:06:49.966, 61883, 94
2026/09/29 06:06:50.966, 61883, 94
2026/09/29 06:06:51.967, 61883, 85
2026/09/29 06:06:52.967, 61883, 94
2026/09/29 06:06:53.967, 61883, 94
2026/09/29 06:06:54.967, 61883, 93
2026/09/29 06:06:55.968, 61883, 94
2026/09/29 06:06:56.968, 61883, 86
2026/09/29 06:06:57.968, 61883, 93
2026/09/29 06:06:58.968, 61883, 93
2026/09/29 06:06:59.968, 61883, 94
2026/09/29 06:07:00.969, 61883, 93
2026/09/29 06:07:01.969, 61883, 94
2026/09/29 06:07:02.969, 61883, 94
2026/09/29 06:07:03.969, 61883, 94
2026/09/29 06:07:04.970, 61883, 86
2026/09/29 06:07:05.970, 61883, 93
2026/09/29 06:07:06.970, 61883, 94
2026/09/29 06:07:07.970, 61883, 94
2026/09/29 06:07:08.971, 61883, 94
2026/09/29 06:07:09.971, 61883, 93
2026/09/29 06:07:10.971, 61883, 93
2026/09/29 06:07:11.971, 61883, 93
2026/09/29 06:07:12.971, 61883, 86
2026/09/29 06:07:13.972, 61883, 94
2026/09/29 06:07:14.972, 61883, 94
2026/09/29 06:07:15.972, 61883, 93
2026/09/29 06:07:16.972, 61883, 94
2026/09/29 06:07:17.973, 61883, 93
2026/09/29 06:07:18.973, 61883, 94
2026/09/29 06:07:19.973, 61883, 93
2026/09/29 06:07:20.973, 61883, 85
2026/09/29 06:07:21.974, 61883, 94
2026/09/29 06:07:22.974, 61883, 93
2026/09/29 06:07:23.974, 61883, 93
2026/09/29 06:07:24.974, 61883, 94
2026/09/29 06:07:25.974, 61883, 93
2026/09/29 06:07:26.975, 61883, 94
2026/09/29 06:07:27.975, 61883, 93
2026/09/29 06:07:28.975, 61883, 85
2026/09/29 06:07:29.975, 61883, 94
2026/09/29 06:07:30.976, 61883, 94
2026/09/29 06:07:31.976, 61883, 94
2026/09/29 06:07:32.976, 61883, 94
2026/09/29 06:07:33.976, 61883, 86
2026/09/29 06:07:34.976, 61883, 93
2026/09/29 06:07:35.977, 61883, 94
2026/09/29 06:07:36.977, 61883, 92
2026/09/29 06:07:37.977, 61883, 94
2026/09/29 06:07:38.977, 61883, 93
2026/09/29 06:07:39.978, 61883, 93
2026/09/29 06:07:40.978, 61883, 94
2026/09/29 06:07:41.978, 61883, 85
2026/09/29 06:07:42.978, 61883, 94
2026/09/29 06:07:43.979, 61883, 93
2026/09/29 06:07:44.979, 61883, 93
2026/09/29 06:07:45.979, 61883, 93
2026/09/29 06:07:46.979, 61883, 94
2026/09/29 06:07:47.980, 61883, 86
2026/09/29 06:07:48.980, 61883, 94
2026/09/29 06:07:49.980, 61883, 93
2026/09/29 06:07:50.980, 61883, 94
2026/09/29 06:07:51.980, 61883, 93
2026/09/29 06:07:52.981, 61883, 94
2026/09/29 06:07:53.981, 61883, 93
2026/09/29 06:07:54.981, 61883, 94
2026/09/29 06:07:55.981, 61883, 84
2026/09/29 06:07:56.982, 61883, 94
2026/09/29 06:07:57.982, 61883, 94
2026/09/29 06:07:58.982, 61883, 94
2026/09/29 06:07:59.982, 61883, 94
2026/09/29 06:08:00.983, 61883, 93
2026/09/29 06:08:01.983, 61883, 93
2026/09/29 06:08:02.983, 61883, 94
2026/09/29 06:08:03.983, 61883, 85
2026/09/29 06:08:04.984, 61883, 94
2026/09/29 06:08:05.984, 61883, 94
2026/09/29 06:08:06.984, 61883, 94
2026/09/29 06:08:07.984, 61883, 93
2026/09/29 06:08:08.984, 61883, 94
2026/09/29 06:08:09.985, 61883, 93
2026/09/29 06:08:10.985, 61883, 94
2026/09/29 06:08:11.985, 61883, 84
2026/09/29 06:08:12.985, 61883, 94
2026/09/29 06:08:13.986, 61883, 93
2026/09/29 06:08:14.986, 61883, 94
2026/09/29 06:08:15.986, 61883, 93
2026/09/29 06:08:16.986, 61883, 94
2026/09/29 06:08:17.987, 61883, 93
2026/09/29 06:08:18.987, 61883, 94
2026/09/29 06:08:19.987, 61883, 86
2026/09/29 06:08:20.987, 61883, 94
2026/09/29 06:08:21.988, 61883, 94
2026/09/29 06:08:22.988, 61883, 94
2026/09/29 06:08:23.988, 61883, 94
2026/09/29 06:08:24.988, 61883, 88
2026/09/29 06:08:25.988, 61883, 94
2026/09/29 06:08:26.989, 61883, 93
2026/09/29 06:08:27.989, 61883, 89
2026/09/29 06:08:28.989, 61883, 93
2026/09/29 06:08:29.989, 61883, 94
2026/09/29 06:08:30.990, 61883, 93
2026/09/29 06:08:31.990, 61883, 94
2026/09/29 06:08:32.990, 61883, 86
2026/09/29 06:08:33.990, 61883, 94
2026/09/29 06:08:34.991, 61883, 93
2026/09/29 06:08:35.991, 61883, 94
2026/09/29 06:08:36.991, 61883, 93
2026/09/29 06:08:37.991, 61883, 94
2026/09/29 06:08:38.992, 61883, 94
2026/09/29 06:08:39.992, 61883, 94
2026/09/29 06:08:40.992, 61883, 85
2026/09/29 06:08:41.992, 61883, 94
2026/09/29 06:08:42.992, 61883, 94
2026/09/29 06:08:43.993, 61883, 94
2026/09/29 06:08:44.993, 61883, 93
2026/09/29 06:08:45.993, 61883, 94
2026/09/29 06:08:46.993, 61883, 93
2026/09/29 06:08:47.994, 61883, 94
2026/09/29 06:08:48.994, 61883, 86
2026/09/29 06:08:49.994, 61883, 94
2026/09/29 06:08:50.994, 61883, 94
2026/09/29 06:08:51.995, 61883, 94
2026/09/29 06:08:52.995, 61883, 94
2026/09/29 06:08:53.995, 61883, 93
2026/09/29 06:08:54.995, 61883, 94
2026/09/29 06:08:55.996, 61883, 93
2026/09/29 06:08:56.996, 61883, 86
2026/09/29 06:08:57.996, 61883, 93
2026/09/29 06:08:58.996, 61883, 94
2026/09/29 06:08:59.996, 61883, 94
2026/09/29 06:09:00.997, 61883, 94
2026/09/29 06:09:01.997, 61883, 93
2026/09/29 06:09:02.997, 61883, 94
2026/09/29 06:09:03.997, 61883, 94
2026/09/29 06:09:04.998, 61883, 85
2026/09/29 06:09:05.998, 61883, 93
2026/09/29 06:09:06.998, 61883, 94
2026/09/29 06:09:07.998, 61883, 93
2026/09/29 06:09:08.998, 61883, 94
2026/09/29 06:09:09.999, 61883, 93
2026/09/29 06:09:10.999, 61883, 94
2026/09/29 06:09:11.999, 61883, 94
2026/09/29 06:09:12.999, 61883, 86
2026/09/29 06:09:13.999, 61883, 93
2026/09/29 06:09:15.000, 61883, 94
2026/09/29 06:09:16.000, 61883, 93
2026/09/29 06:09:17.000, 61883, 94
2026/09/29 06:09:18.000, 61883, 84
2026/09/29 06:09:19.001, 61883, 94
2026/09/29 06:09:20.001, 61883, 94
2026/09/29 06:09:21.001, 61883, 94
2026/09/29 06:09:22.001, 61883, 94
2026/09/29 06:09:23.002, 61883, 91
2026/09/29 06:09:24.002, 61883, 94
2026/09/29 06:09:25.002, 61883, 94
2026/09/29 06:09:26.002, 61883, 85
2026/09/29 06:09:27.002, 8876, 0
2026/09/29 06:09:28.003, 8876, 0
2026/09/29 06:09:29.003, 8876, 0
2026/09/29 06:09:30.003, 8876, 0
2026/09/29 06:09:31.003, 8876, 0
2026/09/29 06:09:32.004, 8876, 0
2026/09/29 06:09:33.004, 8876, 0
2026/09/29 06:09:34.004, 8876, 0
2026/09/29 06:09:35.004, 8876, 0
2026/09/29 06:09:36.005, 8876, 0
2026/09/29 06:09:37.005, 8876, 0
2026/09/29 06:09:38.005, 8876, 0
2026/09/29 06:09:39.005, 8876, 0
2026/09/29 06:09:40.006, 8876, 0
2026/09/29 06:09:41.006, 8876, 0
2026/09/29 06:09:42.006, 8876, 0
2026/09/29 06:09:43.006, 8876, 0
2026/09/29 06:09:44.006, 8876, 0
2026/09/29 06:09:45.007, 8876, 0
2026/09/29 06:09:46.007, 8876, 0
2026/09/29 06:09:47.007, 8876, 0
2026/09/29 06:09:48.007, 8876, 0
2026/09/29 06:09:49.008, 8876, 0
2026/09/29 06:09:50.008, 8876, 0
2026/09/29 06:09:51.008, 8876, 0
2026/09/29 06:09:52.008, 8876, 0
2026/09/29 06:09:53.009, 0, 16
