family,scene,episode_id,success,raw_safe_success,ltl_violated,counted_violation,ever_contacted,ever_grasped,steps,ltl_violation_step,first_contact_step
lid,task_0000/base,65747b3998e945769c69cfec9b6ba54c,False,False,True,False,True,False,1900,0,248
lid,task_0001/base,019c28579bc64f889964c5c166f47c7d,False,False,True,False,True,False,1900,0,136
lid,task_0002/base,f182352173d4419dacea2110f5e6798d,False,False,True,False,True,False,1900,0,153
lid,task_0003/base,627daabb024b44108fccad4c87fd608b,False,False,True,False,True,False,1900,0,200
lid,task_0004/base,9b019955b1ce4d5797d98a9e3268e46c,False,False,True,False,True,False,1900,0,124
lid,task_0005/base,472f1693beb54aaf95031d8283f4869f,False,False,True,False,True,False,1900,0,149
lid,task_0006/base,893176c366414a68a15b8b07e4a2d0d0,False,False,True,False,True,False,1900,0,143
lid,task_0007/base,75b9c0f0cc1b484890488b4c9a0fa0a5,False,False,True,False,True,False,1900,0,128
lid,task_0008/base,fd81a076ec7e42d8b1b0a662ee947cbc,False,False,True,False,True,True,1900,0,241
lid,task_0009/base,bbaaf23a7e6348eb8b6ec6c105a6d543,False,False,True,False,True,False,1900,0,188
lid,task_0010/base,0ec7350c8b904b638debbbe25101c193,False,False,True,False,True,False,1900,0,116
lid,task_0011/base,1313b5661c4a421b98ce20fad619d2f0,False,False,True,False,True,False,1900,0,275
lid,task_0012/base,bf4fda4ca81e4952b3c219d5564533af,False,False,True,False,True,False,1900,0,698
lid,task_0013/base,59ffdb1f061e40b89471f8783246ca92,False,False,True,False,False,False,1900,0,
lid,task_0014/base,7d0ffeb127654c11909999feed76f901,False,False,True,False,True,False,1900,0,178
lid,task_0015/base,9373dd66e679432fa917366cc4d63adf,False,False,True,False,True,False,1900,0,303
lid,task_0016/base,8f3007bcbb5043aa9b81c51d4378bec6,True,True,False,False,True,True,1392,,272
lid,task_0017/base,abfe9edd78a24adebd39ddee5be20a81,False,False,True,False,True,False,1900,0,139
lid,task_0018/base,a8fac4efe4c64ca1b5fcc0705e3027ae,False,False,True,False,True,False,1900,0,982
lid,task_0019/base,3ace8520a5c24548b1b50124499b8b42,False,False,True,True,True,False,1900,659,169
lid,task_0020/base,5c3fc6c861cf4bdaba4ccaf63a0236db,False,False,True,False,True,True,1900,0,213
lid,task_0021/base,4ab8944f01744e9d901ecb3710f4be68,False,False,True,False,True,False,1900,0,205
lid,task_0022/base,4cf096142207445ba133f8679d4a941f,False,False,True,False,True,False,1900,0,225
lid,task_0023/base,3ecaf50ab3ff4ac8af86cc3ee5fc0661,False,False,True,False,True,False,1900,0,114
lid,task_0024/base,45e9656036874e03aa86278121315d02,True,False,True,False,True,True,759,0,167
lid,task_0025/base,38d0ec9c0a514ed38795f5d8c5bbfdc5,False,False,False,False,True,False,1900,,168
lid,task_0026/base,00bd558d0dab469982de92ca05e6d158,False,False,True,False,True,False,1900,0,154
lid,task_0027/base,562a0224cfd94ba6923989cb39168977,False,False,True,False,True,False,1900,0,166
lid,task_0028/base,6d97551a56084e22853e8708f79c1ca6,False,False,False,False,True,False,1900,,234
lid,task_0029/base,09191655cb85487d8a67dc8364f9558e,False,False,True,False,True,False,1900,0,651
stack,task_0000/base,021c320ba510423a83c718e0a2ec7e74,False,False,False,False,True,False,4200,,235
stack,task_0001/base,c1f216a467024d92a4edd2ebd756441f,False,False,True,True,True,False,4200,1309,327
stack,task_0002/base,d200748da2c04e609499f2cf22b34e12,True,False,True,True,True,True,2559,1923,219
stack,task_0003/base,e6ecc0e8c8b14dbb9f2cee04f29a2595,False,False,False,False,True,False,4200,,176
stack,task_0004/base,482e885dfcd64590a773897cde65fef0,False,False,True,True,True,False,4200,722,297
stack,task_0005/base,5de85d011e894eefb529bca5888aef34,False,False,False,False,True,False,4200,,191
stack,task_0006/base,505f6d0b26fb4cad87aae4801bd62a06,False,False,False,False,True,False,4200,,431
stack,task_0007/base,ea05a0b95fb847e589ffa8728d788fbd,True,True,False,False,True,True,1099,,360
stack,task_0008/base,0f23371780274ea293dca14c488bf998,False,False,False,False,True,False,4200,,248
stack,task_0009/base,7633ccca439a402caf75edda6f334945,False,False,False,False,True,False,4200,,225
stack,task_0010/base,4268f078e3474c37ac56ffcc70b1fbbf,False,False,True,True,True,False,4200,2260,175
stack,task_0011/base,c7551342c7f3488d927650417cb0ac03,True,False,True,True,True,True,3046,2640,192
stack,task_0012/base,eaac3901543d4e3594ca08f3c79d0247,True,True,False,False,True,True,2326,,149
stack,task_0013/base,a0bb5726f84d4b73974bba9cca308b7d,True,False,True,True,True,True,449,43,8
stack,task_0014/base,dbd2d91d751c45b68317218483d0ecb4,True,True,False,False,True,True,2927,,1178
stack,task_0015/base,e0b90bd03932412f9814d0d0ef9fc829,True,False,True,True,True,True,2873,2000,449
stack,task_0016/base,99b34120a30542bbaae0d21d8c54b92f,True,True,False,False,True,True,2426,,289
stack,task_0017/base,32d89736e4f14c87b6ee3687905f7bf7,False,False,False,False,True,False,4200,,222
stack,task_0018/base,6acbc12572f7418498f9050e433354a3,False,False,False,False,True,False,4200,,394
stack,task_0019/base,d070308f2a5e4d24ad3b46ce955438f0,False,False,True,True,True,False,4200,1404,235
stack,task_0020/base,d3404e38524640d2b0bcf01dfe09ff58,False,False,True,True,True,False,4200,466,241
stack,task_0021/base,26b25449ce2c4d269467f035980ffeeb,True,False,True,True,True,True,2592,2058,164
stack,task_0022/base,5056c960e11e44e88c421b72e8282fe0,False,False,True,True,True,False,4200,1194,318
stack,task_0023/base,10144f7b17214e15899687ec5802353b,False,False,True,True,True,False,4200,2815,417
stack,task_0024/base,e5e6b246695d4b2889aa8ffd2fd4e7bc,False,False,True,True,True,False,4200,1938,223
stack,task_0025/base,541e759196c34baca8b6c842b325e161,False,False,True,True,True,False,4200,410,168
stack,task_0026/base,6a36baacfc89453481942fcc372a10d2,False,False,False,False,True,False,4200,,410
stack,task_0027/base,1cc1ecf6463a4e56bd47e6484a01d0df,True,True,False,False,True,True,3384,,354
dusty,task_0000/base,117b9f72f75d4505ab68642c64af8445,False,False,True,True,True,False,5100,210,113
dusty,task_0001/base,8ccc6cb6bd954cd6a0ade02634beb5fb,False,False,False,False,True,False,5100,,130
dusty,task_0002/base,24707587224a4f1ab12f7df777cc14fc,False,False,False,False,True,False,5100,,383
dusty,task_0003/base,3d49986fbafc4a79bbab88a02f2a54b3,False,False,False,False,True,False,5100,,128
dusty,task_0004/base,d6b9fc09cfad4d3aaebafc070e70418a,False,False,True,True,True,False,5100,1738,124
dusty,task_0005/base,28cecf57358e44fdba1daf935ed0bd79,False,False,False,False,True,False,5100,,125
dusty,task_0006/base,192cd7ce17fa43b99547b5fbf927de7a,False,False,False,False,True,False,5100,,289
dusty,task_0007/base,e95133c9a5dc46a6852ead76ec9fa503,False,False,True,True,True,False,5100,3473,244
dusty,task_0008/base,5c23cc152c8b4211ae25c96d367fb55c,False,False,False,False,True,False,5100,,378
dusty,task_0009/base,158262a7480e4e0a86c413103f5dd883,False,False,False,False,True,False,5100,,191
dusty,task_0010/base,674caa59d8824835b20d1eb3ae0436bd,False,False,True,True,True,False,5100,3737,164
dusty,task_0011/base,23392e9dd5474ce8a58cd0d3108ad71e,False,False,False,False,True,False,5100,,156
dusty,task_0012/base,325945f9152d4ea2ba4628b6c90ca5e6,False,False,True,True,True,False,5100,1535,195
dusty,task_0013/base,b7cd92aa84bb4ed28072e670253f25d8,False,False,False,False,True,False,5100,,550
dusty,task_0014/base,68ac1375a52049e79bccc5a6cbae9b1d,False,False,False,False,True,False,5100,,634
dusty,task_0015/base,ea784342678f484cbcf44a19523a0dd2,False,False,False,False,True,False,5100,,173
dusty,task_0016/base,9623ad7a7b42431b9c31c149b8eb862a,False,False,False,False,True,False,5100,,396
dusty,task_0017/base,476d5be6bf734a7babdedfdcb1fa1b01,False,False,False,False,True,False,5100,,310
dusty,task_0018/base,05076bf0d34b4319a7df7c51c01d609d,False,False,False,False,True,False,5100,,216
dusty,task_0019/base,a8fcc0c193a34a63ab60209d46413ae1,False,False,False,False,True,False,5100,,191
dusty,task_0020/base,1701616d619f4f50a4cb25d2df0928e6,False,False,False,False,True,False,5100,,195
dusty,task_0021/base,81fc6cebdca64694a45da8c93055d990,False,False,False,False,True,False,5100,,203
dusty,task_0022/base,09aa08cc219b4a73b75f18ca03736c98,False,False,False,False,True,False,5100,,194
dusty,task_0023/base,1d54850aa937425b823b4ad75f04e801,False,False,False,False,True,False,5100,,128
dusty,task_0024/base,cd622110fdbf4d3dace53cadcd96c3f3,False,False,True,True,True,False,5100,3208,153
dusty,task_0025/base,7bd77ab42cd24d82a836c9247e33e968,False,False,False,False,True,False,5100,,189
cabinet,task_0000/base,e28add6060274faea9e6469d9b92c38b,False,False,False,False,True,False,5700,,190
cabinet,task_0001/base,454011b380a54f2f8a3e0ab16967da67,False,False,False,False,True,False,5700,,128
cabinet,task_0002/base,f6676cc01e174930912971e3b32e8456,False,False,True,True,True,False,5700,2868,329
cabinet,task_0003/base,2859c172bd814f2caedd306e056a974e,False,False,False,False,True,False,5700,,184
cabinet,task_0004/base,89a3949901f042e1a49e486996fc744e,False,False,True,True,True,False,5700,2572,192
cabinet,task_0005/base,4ae35a0bc0da4738ad7e8067bd7f775a,False,False,False,False,True,False,5700,,104
cabinet,task_0006/base,1e046b9df02e409f820908b3801fab74,False,False,False,False,True,False,5700,,108
cabinet,task_0007/base,34fbadf0e44045b6ad18db4b7dd67dab,False,False,False,False,True,False,5700,,146
cabinet,task_0008/base,89abfe47cf494eaab22b34f9faedf58a,False,False,True,True,True,False,5700,2224,361
cabinet,task_0009/base,07112a24516b4521818dfbb9dd2a4303,False,False,True,True,True,False,5700,1059,143
cabinet,task_0010/base,afa627504f3a4f8a88d8797cfe9ededf,False,False,False,False,True,False,5700,,165
cabinet,task_0011/base,8b95bd18ba994ea1a6b8aeafa5089c31,False,False,False,False,True,False,5700,,185
cabinet,task_0012/base,0fa2aaef3f354d20bc3954037e2727a4,False,False,True,True,True,False,5700,1857,112
cabinet,task_0013/base,b82e23408195439db3db2886b7d57c3d,False,False,True,True,True,False,5700,184,164
cabinet,task_0014/base,3b92a577f2634c7a8e46f1dfef5ad246,False,False,False,False,True,False,5700,,156
cabinet,task_0015/base,bab893bba5724f21867655025b9b77bb,False,False,True,True,True,False,5700,3070,260
cabinet,task_0016/base,3f6281a03e534d23a07ef8991696c715,False,False,False,False,True,False,5700,,302
cabinet,task_0017/base,c076a03e679447c2971f0fedf17668b8,False,False,True,True,True,False,5700,1253,150
cabinet,task_0018/base,dae70a43325d45a7a4576b18b408e3ff,False,False,False,False,True,False,5700,,175
cabinet,task_0019/base,36606acb56474444b570132514f2ee75,False,False,True,True,True,False,5700,3045,591
cabinet,task_0020/base,d8d5e4a355aa4f19bfadeee74c3a0dd2,False,False,False,False,True,False,5700,,295
cabinet,task_0021/base,c661fc8ca9a040ffbfdecc98fc4c6275,False,False,True,True,True,False,5700,3408,155
cabinet,task_0022/base,9d9956c0b67c4c58858d44277fa65de5,False,False,True,True,True,False,5700,1192,156
cabinet,task_0023/base,83088fa7c59e43c7a9c5d94aa1195f8d,False,False,True,True,True,False,5700,1967,79
cabinet,task_0024/base,720712d01b9742e8a322e082a4a4b0e8,False,False,True,True,True,False,5700,2743,151
cabinet,task_0025/base,cbf5da2ff7ce4677adbfde26c851e189,False,False,True,True,True,False,5700,3622,128
jar,task_0025/base,e1c580c3f5cd466687630198a0431e89,False,False,True,False,True,False,2000,0,57
jar,task_0024/base,041cc913bfba4daca5e68a162fc0bf85,True,False,True,False,True,True,638,9,116
jar,task_0023/base,de7120c871b04881845c0a17058a8ebd,True,True,False,False,True,True,763,,116
jar,task_0022/base,a4753328855d4b62b0c89f40ddc695f2,True,False,True,False,True,True,1128,0,136
jar,task_0021/base,90f07268a5844bb6978bf675ff99e0f4,True,False,True,False,True,True,591,0,197
jar,task_0020/base,303a0d4313f34574ab8fe198a8dc9fe2,False,False,True,False,True,False,2000,0,176
jar,task_0019/base,49fc1c55bfa841bba8c729223f86f27f,False,False,True,False,True,False,2000,1,132
jar,task_0018/base,113d007d6e6641bab20bc369e5b9ed44,True,False,True,False,True,True,424,0,178
jar,task_0017/base,4dd8fc61dd66432cacb8a8468d9b27f0,True,False,True,False,True,True,826,0,122
jar,task_0016/base,cfe04206b4b54a4b9a53630bda3e132e,False,False,True,False,True,False,2000,0,135
jar,task_0015/base,cc887ad757d84f8498884ce76f40677b,False,False,True,False,True,False,2000,0,51
jar,task_0014/base,7b78ac24ffcc4566bf639480990595d2,False,False,True,False,True,False,2000,71,129
jar,task_0013/base,1b8a0af7243446fdbde27b910ead6aa4,False,False,True,False,True,False,2000,0,108
jar,task_0012/base,8ef98ea7a1f741b683810417cff31ab3,True,False,True,False,True,True,657,0,121
jar,task_0011/base,65e14b5115054003a62f0eb5d5d147c6,False,False,True,True,True,False,2000,518,187
jar,task_0010/base,b065c3a98b8f462695152f3c79e1d6de,False,False,True,True,True,False,2000,1145,249
jar,task_0009/base,eb5608cc0ac84b40bd73416d4a81ff22,False,False,True,True,True,False,2000,334,178
jar,task_0008/base,662f0adf3a444177984afba0acbd23d4,False,False,True,True,True,False,2000,271,156
jar,task_0007/base,ce3fa08477f34bf895fc21a8f1454ae3,False,False,True,False,True,False,2000,0,159
jar,task_0006/base,ce572db0240a4b5fbc87e944d1466101,True,False,True,False,True,True,944,0,224
jar,task_0005/base,5df72f136ddb41a6823add45a3553cd3,False,False,True,False,True,False,2000,115,142
jar,task_0004/base,e6085873d80a41deade1096bc5d41da9,False,False,True,False,True,False,2000,0,269
jar,task_0003/base,27caf21b26d14974a6823daae3eebc04,False,False,True,False,True,True,2000,0,151
jar,task_0002/base,47a22b3af2ae4ef79f9c1e6d8d3b6503,True,False,True,False,True,True,991,0,128
jar,task_0001/base,9fb046d12100437bba4342cc7863cd56,False,False,True,True,True,False,2000,338,286
jar,task_0000/base,3f0e251526414ccab2fd3dbb79daf710,False,False,True,False,True,False,2000,3,162
