unix_s,memory_used_mib,utilization_percent
1791300152.813154,61859, 0
1791300153.8282266,61859, 0
1791300154.8619905,61859, 0
1791300155.8858514,61859, 0
1791300156.9113111,61859, 0
1791300157.9389915,61859, 0
1791300158.9533827,61877, 54
1791300159.967049,61877, 0
1791300160.9796877,61877, 0
1791300161.9923756,61877, 0
1791300163.0055974,61879, 0
1791300164.0202034,61879, 0
1791300165.0338776,61879, 0
1791300166.047414,61879, 0
1791300167.0614147,62625, 0
1791300168.076062,62649, 0
1791300169.0896275,62649, 0
1791300170.1031253,62681, 0
1791300171.1166766,62496, 1
1791300172.1306372,62496, 0
1791300173.1441247,62496, 0
1791300174.1587598,62480, 0
1791300175.171994,62480, 0
1791300176.1850777,62480, 0
1791300177.210845,62554, 0
1791300178.267503,62584, 0
1791300179.3127186,62584, 0
1791300180.3490114,62584, 0
1791300181.384828,62584, 0
1791300182.4342093,62584, 0
1791300183.4741797,62584, 0
1791300184.5224688,62584, 0
1791300185.5666983,62584, 0
1791300186.6140177,62584, 0
1791300187.6626704,62584, 0
1791300188.7060795,62584, 0
1791300189.729534,62584, 0
1791300190.7730343,62584, 0
1791300191.8129497,62584, 0
1791300192.8538153,62584, 0
1791300193.8982303,62584, 0
1791300194.9396062,62584, 0
1791300195.9787042,62584, 0
1791300197.0334966,62584, 0
1791300198.0690625,62616, 0
1791300199.1250114,63000, 0
1791300200.1679826,63000, 0
1791300201.216015,63000, 0
1791300202.2663498,63000, 0
1791300203.3216329,63000, 0
1791300204.3658893,63000, 0
1791300205.4070096,63000, 0
1791300206.445109,63000, 0
1791300207.48979,63000, 0
1791300208.5149963,63135, 0
1791300209.5392363,63141, 0
1791300210.5621479,63173, 0
1791300211.5868485,63108, 0
1791300212.60865,63108, 0
1791300213.6302538,63108, 0
1791300214.6537476,63108, 0
1791300215.674944,63108, 0
1791300216.7088733,63108, 0
1791300217.7310505,63108, 0
1791300218.7517133,63108, 0
1791300219.7770212,63108, 0
1791300220.7986462,63108, 0
1791300221.8195577,63108, 0
1791300222.839411,63108, 0
1791300223.8582797,63108, 0
1791300224.8778741,63108, 0
1791300225.8953168,63108, 0
1791300226.9123564,63108, 0
1791300227.9313812,63108, 0
1791300228.948079,63108, 0
1791300229.9639828,63172, 0
1791300230.9802997,63172, 0
1791300231.9972086,63172, 0
1791300233.0234756,63172, 0
1791300234.0413697,63172, 0
1791300235.059852,63208, 0
1791300236.0892677,63208, 0
1791300237.11758,63208, 0
1791300238.1494312,63208, 0
1791300239.1773794,63208, 0
1791300240.206685,63208, 0
1791300241.2360134,63208, 0
1791300242.2660112,63208, 0
1791300243.294713,63208, 0
1791300244.323945,63208, 0
1791300245.3515768,63208, 0
1791300246.380053,63208, 0
1791300247.4066272,63208, 0
1791300248.43543,63208, 0
1791300249.4637818,63208, 0
1791300250.4916496,63208, 0
1791300251.5215125,63208, 0
1791300252.5504677,63208, 0
1791300253.5786092,63208, 0
1791300254.606021,63208, 0
1791300255.6374862,63208, 0
1791300256.665853,63208, 0
1791300257.6946144,63208, 0
1791300258.724708,63208, 0
1791300259.7562172,63208, 0
1791300260.7850957,63208, 0
1791300261.8134763,63208, 0
1791300262.8424191,63208, 0
1791300263.8722544,63208, 0
1791300264.8994958,63208, 0
1791300265.9319413,63208, 0
1791300266.9618857,63208, 0
1791300267.9911554,63208, 0
1791300269.020184,63208, 0
1791300270.0503507,63208, 0
1791300271.0798192,63208, 0
1791300272.108027,63208, 0
1791300273.1385338,63208, 0
1791300274.166227,63208, 0
1791300275.1961036,63208, 0
1791300276.224543,63208, 0
1791300277.254831,63208, 0
1791300278.284185,63208, 0
1791300279.312658,63208, 0
1791300280.3420634,63208, 0
1791300281.3738933,63208, 0
1791300282.4035673,63208, 0
1791300283.4311738,63208, 0
1791300284.4525123,63208, 0
1791300285.4697797,65291, 0
1791300286.4993427,65291, 0
1791300287.5283864,65291, 0
1791300288.5562983,65291, 0
1791300289.6115487,65357, 0
1791300290.6251075,66094, 0
1791300291.639117,66094, 0
1791300292.6534584,66131, 0
1791300293.6681237,66203, 0
1791300294.6840236,66203, 0
1791300295.6979213,66203, 0
1791300296.7128615,66203, 0
1791300297.733809,66203, 0
1791300298.7501588,66203, 0
1791300299.775942,66424, 0
1791300300.789493,66517, 47
1791300301.8035786,66517, 0
1791300302.8176973,66517, 0
1791300303.8316488,66517, 0
1791300304.8451881,66517, 0
1791300305.859944,66481, 0
1791300306.8763056,66678, 78
1791300307.891922,66733, 32
1791300308.9066,66733, 0
1791300309.9218633,66733, 0
1791300310.9355526,66733, 0
1791300311.9519677,66733, 85
1791300312.9685383,66709, 98
1791300313.984843,66709, 80
1791300315.002031,66709, 79
1791300316.017868,66709, 93
1791300317.0358057,66664, 93
1791300318.0525641,66569, 72
1791300319.0690022,66569, 98
1791300320.0861943,66569, 76
1791300321.1036756,66569, 78
1791300322.1200657,66569, 93
1791300323.1365485,66569, 93
1791300324.153666,66569, 75
1791300325.1705267,66569, 94
1791300326.18689,66569, 79
1791300327.2038398,66582, 93
1791300328.221214,66569, 60
1791300329.2376912,66569, 73
1791300330.2526138,66569, 85
1791300331.269006,61882, 0
1791300332.2834775,61882, 0
1791300333.2975934,61882, 0
1791300334.3107271,61882, 0
1791300335.324945,62652, 3
1791300336.3385234,62684, 0
1791300337.3525662,62868, 1
1791300338.3660967,64664, 2
1791300339.3797233,66091, 0
1791300340.3930135,66091, 0
1791300341.4070969,66247, 0
1791300342.420692,66247, 0
1791300343.4347553,66370, 0
1791300344.448479,66506, 0
1791300345.4646268,66584, 0
1791300346.4815521,66818, 0
1791300347.495646,66890, 52
1791300348.5117269,66903, 0
1791300349.5251698,66725, 88
1791300350.541528,66725, 78
1791300351.558341,66725, 93
1791300352.5754569,66725, 64
1791300353.592545,66725, 71
1791300354.60897,66725, 82
1791300355.6244419,66725, 51
1791300356.6413252,66680, 93
1791300357.657888,66585, 56
1791300358.6745472,66585, 64
1791300359.6893604,66585, 78
1791300360.7074497,66585, 93
1791300361.7240217,66585, 62
1791300362.7420042,66585, 73
1791300363.7597966,66585, 93
1791300364.7771401,66585, 91
1791300365.7935638,66585, 60
1791300366.80848,66585, 93
1791300367.824633,66585, 64
1791300368.8393102,61882, 0
1791300369.8544533,61882, 0
1791300370.867883,61882, 0
1791300371.8879871,62498, 0
1791300372.9016201,62652, 5
1791300373.9156206,62462, 0
1791300374.930483,62932, 2
1791300375.94475,66091, 0
1791300376.958744,66091, 0
1791300377.9724026,66093, 0
1791300378.9873993,66247, 0
1791300380.000763,66247, 0
1791300381.0143468,66263, 3
1791300382.029884,66602, 9
1791300383.0452166,66826, 3
1791300384.062492,66886, 23
1791300385.0784028,66886, 0
1791300386.0950067,66721, 79
1791300387.1108193,66721, 93
1791300388.1263328,66721, 89
1791300389.1438437,66721, 78
1791300390.160402,66721, 65
1791300391.1773875,66721, 93
1791300392.1930203,66721, 93
1791300393.2085915,66676, 71
1791300394.2232728,66581, 98
1791300395.239842,66581, 75
1791300396.2562087,66581, 93
1791300397.2738514,66581, 65
1791300398.291596,66581, 77
1791300399.3063912,66581, 93
1791300400.3222172,66581, 89
1791300401.3399663,66581, 70
1791300402.357023,66581, 93
1791300403.3724928,66581, 65
1791300404.4108183,61882, 0
